source,title,year,imdbID,pdEvidence
wants_wikidata_age,Apache Dans,1909,tt2409004,published before 1931 (US PD by age; no P6216 flag)
wants_wikidata_age,Hjortens Flugt,1907,tt2404066,published before 1931 (US PD by age; no P6216 flag)
wants_wikidata_age,Emperor Nero on the Warpath,1907,tt1526595,published before 1931 (US PD by age; no P6216 flag)
wants_wikidata_age,Bjørnejagt i Rusland,1909,tt2409014,published before 1931 (US PD by age; no P6216 flag)
wants_wikidata_age,Capriciosa,1909,tt2398620,published before 1931 (US PD by age; no P6216 flag)
wants_wikidata_age,Den lille hornblæser,1909,tt0127657,published before 1931 (US PD by age; no P6216 flag)
wants_wikidata_age,Nat Pinkerton I,1909,tt2408974,published before 1931 (US PD by age; no P6216 flag)
wants_wikidata_age,Nat Pinkerton II,1909,tt2408984,published before 1931 (US PD by age; no P6216 flag)
wants_wikidata_age,Texas Tex,1907,tt1798257,published before 1931 (US PD by age; no P6216 flag)
wants_wikidata_age,As in a Looking Glass,1903,tt5622462,published before 1931 (US PD by age; no P6216 flag)
wants_wikidata_age,Grandma and the Bad Boys,1900,tt0327809,published before 1931 (US PD by age; no P6216 flag)
wants_wikidata_age,"Tom, Tom, the Piper's Son",1905,tt0234904,published before 1931 (US PD by age; no P6216 flag)
wants_wikidata_age,The Fisherman's Bride,1908,tt1970040,published before 1931 (US PD by age; no P6216 flag)
wants_wikidata_age,Two Naughty Boys,1909,tt1163896,published before 1931 (US PD by age; no P6216 flag)
wants_wikidata_age,Tormenting and Sweet Dream,1908,tt0449867,published before 1931 (US PD by age; no P6216 flag)
wants_wikidata_age,Chrysanthemums,1907,tt0449207,published before 1931 (US PD by age; no P6216 flag)
wants_wikidata_age,The Enchanted Glasses,1907,tt1745752,published before 1931 (US PD by age; no P6216 flag)
wants_wikidata_age,Modern Magic,1908,tt1839553,published before 1931 (US PD by age; no P6216 flag)
wants_wikidata_age,An Awful Symphony,1909,tt1705951,published before 1931 (US PD by age; no P6216 flag)
wants_wikidata_age,Magic Dice,1908,tt0449231,published before 1931 (US PD by age; no P6216 flag)
wants_wikidata_age,Beauty and the Beast,1908,tt0241236,published before 1931 (US PD by age; no P6216 flag)
wants_wikidata_age,El ciego de la aldea,1907,tt0000584,published before 1931 (US PD by age; no P6216 flag)
wants_wikidata_age,Meet Me at the Fountain,1904,tt0232073,published before 1931 (US PD by age; no P6216 flag)
wants_wikidata_age,The Invisible Fluid,1908,tt0000708,published before 1931 (US PD by age; no P6216 flag)
wants_wikidata_age,The Power of Hypnosis,1908,tt1032901,published before 1931 (US PD by age; no P6216 flag)
wants_wikidata_age,Burlesque Attack on a Settler's Cabin,1900,tt1969002,published before 1931 (US PD by age; no P6216 flag)
wants_wikidata_age,Nuit de Noël,1908,tt1666049,published before 1931 (US PD by age; no P6216 flag)
wants_wikidata_age,The Troubadour,1906,tt0449434,published before 1931 (US PD by age; no P6216 flag)
wants_wikidata_age,Royal Visit of the Duke and Duchess of Cornwall and York to New Zealand,1901,tt2973702,published before 1931 (US PD by age; no P6216 flag)
wants_wikidata_age,The Story the Biograph Told,1904,tt0232715,published before 1931 (US PD by age; no P6216 flag)
wants_wikidata_age,Royal Visit To Open The First Commonwealth Parliament,1901,tt2555376,published before 1931 (US PD by age; no P6216 flag)
wants_wikidata_age,The Lost Child,1904,tt0445537,published before 1931 (US PD by age; no P6216 flag)
wants_wikidata_age,The Music Master,1908,tt0000732,published before 1931 (US PD by age; no P6216 flag)
wants_wikidata_age,The Widow and the Only Man,1904,tt0232946,published before 1931 (US PD by age; no P6216 flag)
wants_wikidata_age,Die Fledermaus: Mit mir so spät,1909,tt3849054,published before 1931 (US PD by age; no P6216 flag)
wants_wikidata_age,Birth of the Pearl,1901,tt0353241,published before 1931 (US PD by age; no P6216 flag)
wants_wikidata_age,Auto Boat Race on the Hudson,1904,tt0334911,published before 1931 (US PD by age; no P6216 flag)
wants_wikidata_age,The Hen That Laid the Golden Eggs,1905,tt0272787,published before 1931 (US PD by age; no P6216 flag)
wants_wikidata_age,When Knights Were Bold,1908,tt0000784,published before 1931 (US PD by age; no P6216 flag)
wants_wikidata_age,The Childrens’ Camp,1907,tt1736600,published before 1931 (US PD by age; no P6216 flag)
wants_wikidata_age,The Moonshiner,1904,tt0283495,published before 1931 (US PD by age; no P6216 flag)
wants_wikidata_age,Ali Baba,1908,tt0935031,published before 1931 (US PD by age; no P6216 flag)
wants_wikidata_age,Siegfried,1908,tt1178632,published before 1931 (US PD by age; no P6216 flag)
wants_wikidata_age,In Love with the Bearded Woman,1909,tt0321208,published before 1931 (US PD by age; no P6216 flag)
wants_wikidata_age,Femme de chambre improvisée,1909,tt0427241,published before 1931 (US PD by age; no P6216 flag)
wants_wikidata_age,A Gesture Fight in Hester Street,1900,tt0293175,published before 1931 (US PD by age; no P6216 flag)
wants_wikidata_age,In der Garderobe,1907,tt1032891,published before 1931 (US PD by age; no P6216 flag)
wants_wikidata_age,The Sea Beast,1926,tt0017354,published before 1931 (US PD by age; no P6216 flag)
wants_wikidata_age,Side Street,1929,tt0020404,published before 1931 (US PD by age; no P6216 flag)
wants_wikidata_age,Silent Sanderson,1925,tt0016350,published before 1931 (US PD by age; no P6216 flag)
wants_wikidata_age,Singed,1927,tt0018409,published before 1931 (US PD by age; no P6216 flag)
wants_wikidata_age,Smashing Through,1929,tt0256396,published before 1931 (US PD by age; no P6216 flag)
wants_wikidata_age,Should a Doctor Tell?,1930,tt0021370,published before 1931 (US PD by age; no P6216 flag)
wants_wikidata_age,The Arizona Kid,1930,tt0020649,published before 1931 (US PD by age; no P6216 flag)
wants_wikidata_age,Red Pearls,1930,tt0300403,published before 1931 (US PD by age; no P6216 flag)
wants_wikidata_age,You'd Be Surprised!,1930,tt0166403,published before 1931 (US PD by age; no P6216 flag)
wants_wikidata_age,Him or Me,1930,tt0228269,published before 1931 (US PD by age; no P6216 flag)
wants_wikidata_age,Such Is Life,1930,tt0020427,published before 1931 (US PD by age; no P6216 flag)
wants_wikidata_age,Nights of Princes,1930,tt0204508,published before 1931 (US PD by age; no P6216 flag)
wants_wikidata_age,The Immortal Vagabond,1930,tt0021506,published before 1931 (US PD by age; no P6216 flag)
wants_wikidata_age,The Princess and the Plumber,1930,tt0021272,published before 1931 (US PD by age; no P6216 flag)
wants_wikidata_age,Zaynab,1930,tt0021570,published before 1931 (US PD by age; no P6216 flag)
wants_wikidata_age,Easy Street,1930,tt0139169,published before 1931 (US PD by age; no P6216 flag)
wants_wikidata_age,Under the Black Wing,1930,tt0266859,published before 1931 (US PD by age; no P6216 flag)
wants_wikidata_age,The Tiger Murder Case,1930,tt0207159,published before 1931 (US PD by age; no P6216 flag)
wants_wikidata_age,Chasing Fortune,1930,tt0021008,published before 1931 (US PD by age; no P6216 flag)
wants_wikidata_age,Bread (film),1930,tt3511734,published before 1931 (US PD by age; no P6216 flag)
wants_wikidata_age,Eskimo,1930,tt0020861,published before 1931 (US PD by age; no P6216 flag)
wants_wikidata_age,The Caviar Princess,1930,tt0133043,published before 1931 (US PD by age; no P6216 flag)
wants_wikidata_age,Danube Waltz,1930,tt0464938,published before 1931 (US PD by age; no P6216 flag)
wants_wikidata_age,Die zärtlichen Verwandten,1930,tt0138209,published before 1931 (US PD by age; no P6216 flag)
wants_wikidata_age,The Czar of Broadway,1930,tt0020801,published before 1931 (US PD by age; no P6216 flag)
wants_wikidata_age,Greek Street,1930,tt0020937,published before 1931 (US PD by age; no P6216 flag)
wants_wikidata_age,Mischievous Miss,1930,tt0019910,published before 1931 (US PD by age; no P6216 flag)
wants_wikidata_age,Thus is Life,1930,tt0211929,published before 1931 (US PD by age; no P6216 flag)
wants_wikidata_age,Three Days Confined to Barracks,1930,tt0020841,published before 1931 (US PD by age; no P6216 flag)
wants_wikidata_age,What a Man!,1930,tt0021544,published before 1931 (US PD by age; no P6216 flag)
wants_wikidata_age,The Dancers,1930,tt0020804,published before 1931 (US PD by age; no P6216 flag)
wants_wikidata_age,Toby the Showman,1930,tt0153134,published before 1931 (US PD by age; no P6216 flag)
wants_wikidata_age,After Many Years,1930,tt0020622,published before 1931 (US PD by age; no P6216 flag)
wants_wikidata_age,Sunny Skies,1930,tt0021436,published before 1931 (US PD by age; no P6216 flag)
wants_wikidata_age,Lummox,1930,tt0021105,published before 1931 (US PD by age; no P6216 flag)
wants_wikidata_age,Kohlhiesel's Daughters,1930,tt0021031,published before 1931 (US PD by age; no P6216 flag)
wants_wikidata_age,"Lieutenant, Were You Once a Hussar?",1930,tt0023134,published before 1931 (US PD by age; no P6216 flag)
wants_wikidata_age,Two Worlds,1930,tt0835065,published before 1931 (US PD by age; no P6216 flag)
wants_wikidata_age,Kristine Valdresdatter,1930,tt0021033,published before 1931 (US PD by age; no P6216 flag)
wants_wikidata_age,Free Love,1930,tt0020901,published before 1931 (US PD by age; no P6216 flag)
wants_wikidata_age,The Dude Wrangler,1930,tt0020846,published before 1931 (US PD by age; no P6216 flag)
wants_wikidata_age,Under Montana Skies,1930,tt0021500,published before 1931 (US PD by age; no P6216 flag)
wants_wikidata_age,The Cohens and the Kellys in Africa,1930,tt0020776,published before 1931 (US PD by age; no P6216 flag)
wants_wikidata_age,The Cohens and the Kellys in Scotland,1930,tt0020777,published before 1931 (US PD by age; no P6216 flag)
wants_wikidata_age,Retreat on the Rhine,1930,tt0024798,published before 1931 (US PD by age; no P6216 flag)
wants_wikidata_age,The Light of Western Stars,1930,tt0021070,published before 1931 (US PD by age; no P6216 flag)
wants_wikidata_age,Rivals for the World Record,1930,tt0020333,published before 1931 (US PD by age; no P6216 flag)
wants_wikidata_age,Chérie,1930,tt0199415,published before 1931 (US PD by age; no P6216 flag)
wants_wikidata_age,La Femme d'une nuit,1930,tt0207466,published before 1931 (US PD by age; no P6216 flag)
wants_wikidata_age,She's My Weakness,1930,tt0021362,published before 1931 (US PD by age; no P6216 flag)
wants_wikidata_age,Paris by Night,1930,tt0160637,published before 1931 (US PD by age; no P6216 flag)
wants_wikidata_age,Caught Short,1930,tt0020749,published before 1931 (US PD by age; no P6216 flag)
wants_wikidata_age,Brothers,1930,tt0020716,published before 1931 (US PD by age; no P6216 flag)
wants_wikidata_age,The Big Fight,1930,tt0020684,published before 1931 (US PD by age; no P6216 flag)
wants_wikidata_age,Cock o' the Walk,1930,tt0020773,published before 1931 (US PD by age; no P6216 flag)
wants_wikidata_age,The Costello Case,1930,tt0020792,published before 1931 (US PD by age; no P6216 flag)
wants_wikidata_age,The Kibitzer,1930,tt0020056,published before 1931 (US PD by age; no P6216 flag)
wants_wikidata_age,The Sea God,1930,tt0021346,published before 1931 (US PD by age; no P6216 flag)
wants_wikidata_age,The Santa Fe Trail,1930,tt0021055,published before 1931 (US PD by age; no P6216 flag)
wants_wikidata_age,Anybody's War,1930,tt0020644,published before 1931 (US PD by age; no P6216 flag)
wants_wikidata_age,Along Came Youth,1930,tt0020634,published before 1931 (US PD by age; no P6216 flag)
wants_wikidata_age,Aimless Walk,1930,tt0312476,published before 1931 (US PD by age; no P6216 flag)
wants_wikidata_age,Khooni Khanjar,1930,tt0213768,published before 1931 (US PD by age; no P6216 flag)
wants_wikidata_age,Hello Sister,1930,tt0020963,published before 1931 (US PD by age; no P6216 flag)
wants_wikidata_age,Rani Saheba,1930,tt0214046,published before 1931 (US PD by age; no P6216 flag)
wants_wikidata_age,Le spectre vert,1930,tt0210306,published before 1931 (US PD by age; no P6216 flag)
wants_wikidata_age,Kathleen Mavourneen,1930,tt0021023,published before 1931 (US PD by age; no P6216 flag)
wants_wikidata_age,Beyond the Cities,1930,tt0020680,published before 1931 (US PD by age; no P6216 flag)
wants_wikidata_age,Love Songs,1930,tt0202224,published before 1931 (US PD by age; no P6216 flag)
wants_wikidata_age,Sarfarosh,1930,tt0232587,published before 1931 (US PD by age; no P6216 flag)
wants_wikidata_age,Safdar Jung,1930,tt0232567,published before 1931 (US PD by age; no P6216 flag)
wants_wikidata_age,No Exit,1930,tt0137986,published before 1931 (US PD by age; no P6216 flag)
wants_wikidata_age,Udaykal,1930,tt0214215,published before 1931 (US PD by age; no P6216 flag)
wants_wikidata_age,Big Business,1930,tt0144791,published before 1931 (US PD by age; no P6216 flag)
wants_wikidata_age,The Night Porter,1930,tt0307231,published before 1931 (US PD by age; no P6216 flag)
wants_wikidata_age,Cameo Kirby,1930,tt0020728,published before 1931 (US PD by age; no P6216 flag)
wants_wikidata_age,The Little Accident,1930,tt0021078,published before 1931 (US PD by age; no P6216 flag)
wants_wikidata_age,Women's Misery - Women's Happiness,1930,tt0136963,published before 1931 (US PD by age; no P6216 flag)
wants_wikidata_age,Lotus Lady,1930,tt0021095,published before 1931 (US PD by age; no P6216 flag)
wants_wikidata_age,Under Suspicion,1930,tt0021501,published before 1931 (US PD by age; no P6216 flag)
wants_wikidata_age,A Lucky Man,1930,tt0211416,published before 1931 (US PD by age; no P6216 flag)
wants_wikidata_age,A Hole in the Wall,1930,tt0197990,published before 1931 (US PD by age; no P6216 flag)
wants_wikidata_age,Soldiers and Women,1930,tt0021398,published before 1931 (US PD by age; no P6216 flag)
wants_wikidata_age,Hr. Tell og Søn,1930,tt0123895,published before 1931 (US PD by age; no P6216 flag)
wants_wikidata_age,A Tango for You,1930,tt0021451,published before 1931 (US PD by age; no P6216 flag)
wants_wikidata_age,Bookkeeper Kremke,1930,tt0021082,published before 1931 (US PD by age; no P6216 flag)
wants_wikidata_age,Love's Carnival,1930,tt0021318,published before 1931 (US PD by age; no P6216 flag)
wants_wikidata_age,Captain of the Guard,1930,tt0020741,published before 1931 (US PD by age; no P6216 flag)
wants_wikidata_age,Man Trouble,1930,tt0021114,published before 1931 (US PD by age; no P6216 flag)
wants_wikidata_age,On Your Back,1930,tt0021207,published before 1931 (US PD by age; no P6216 flag)
wants_wikidata_age,An Obvious Situation,1930,tt0164121,published before 1931 (US PD by age; no P6216 flag)
wants_wikidata_age,The Big Party,1930,tt0020689,published before 1931 (US PD by age; no P6216 flag)
wants_wikidata_age,Levy and Company,1930,tt5170620,published before 1931 (US PD by age; no P6216 flag)
wants_wikidata_age,Windjammer,1930,tt0022564,published before 1931 (US PD by age; no P6216 flag)
wants_wikidata_age,Dance Into Happiness,1930,tt0230855,published before 1931 (US PD by age; no P6216 flag)
wants_wikidata_age,Echo of a Dream,1930,tt0021517,published before 1931 (US PD by age; no P6216 flag)
wants_wikidata_age,General Babka,1930,tt0129952,published before 1931 (US PD by age; no P6216 flag)
wants_wikidata_age,Cities and Years,1930,tt0020933,published before 1931 (US PD by age; no P6216 flag)
wants_wikidata_age,Josef the Chaste,1930,tt0140310,published before 1931 (US PD by age; no P6216 flag)
wants_wikidata_age,The King of Paris,1930,tt0160778,published before 1931 (US PD by age; no P6216 flag)
wants_wikidata_age,The Singing City,1930,tt0021378,published before 1931 (US PD by age; no P6216 flag)
wants_wikidata_age,Rendezvous,1930,tt0023387,published before 1931 (US PD by age; no P6216 flag)
wants_wikidata_age,The Climax,1930,tt0020771,published before 1931 (US PD by age; no P6216 flag)
wants_wikidata_age,The Fighting Legion,1930,tt0020882,published before 1931 (US PD by age; no P6216 flag)
wants_wikidata_age,Hide-Out,1930,tt0020971,published before 1931 (US PD by age; no P6216 flag)
wants_wikidata_age,Mountain Justice,1930,tt0021160,published before 1931 (US PD by age; no P6216 flag)
wants_wikidata_age,The Mounted Stranger,1930,tt0021161,published before 1931 (US PD by age; no P6216 flag)
wants_wikidata_age,My Heart Incognito,1930,tt0197692,published before 1931 (US PD by age; no P6216 flag)
wants_wikidata_age,Parade of the West,1930,tt0021230,published before 1931 (US PD by age; no P6216 flag)
wants_wikidata_age,My Wife's Teacher,1930,tt0020637,published before 1931 (US PD by age; no P6216 flag)
wants_wikidata_age,The Squeaker,1930,tt0021415,published before 1931 (US PD by age; no P6216 flag)
wants_wikidata_age,The Waltz King,1930,tt0198015,published before 1931 (US PD by age; no P6216 flag)
wants_wikidata_age,Song of the Caballero,1930,tt0021403,published before 1931 (US PD by age; no P6216 flag)
wants_wikidata_age,Spurs,1930,tt0021414,published before 1931 (US PD by age; no P6216 flag)
wants_wikidata_age,Sons of the Saddle,1930,tt0021407,published before 1931 (US PD by age; no P6216 flag)
wants_wikidata_age,Trailing Trouble,1930,tt0021488,published before 1931 (US PD by age; no P6216 flag)
wants_wikidata_age,Trigger Tricks,1930,tt0021490,published before 1931 (US PD by age; no P6216 flag)
wants_wikidata_age,What Men Want,1930,tt0021543,published before 1931 (US PD by age; no P6216 flag)
wants_wikidata_age,Dolly Gets Ahead,1930,tt0020835,published before 1931 (US PD by age; no P6216 flag)
wants_wikidata_age,The Sleeping Beauty,1930,tt0195302,published before 1931 (US PD by age; no P6216 flag)
wants_wikidata_age,The Concentratin' Kid,1930,tt0020783,published before 1931 (US PD by age; no P6216 flag)
wants_wikidata_age,Sing-Song Girl Red Peony,1930,tt0208986,published before 1931 (US PD by age; no P6216 flag)
wants_wikidata_age,The Third Alarm,1930,tt0021465,published before 1931 (US PD by age; no P6216 flag)
wants_wikidata_age,The Thoroughbred,1930,tt0021469,published before 1931 (US PD by age; no P6216 flag)
wants_wikidata_age,Part Time Wife,1930,tt0021237,published before 1931 (US PD by age; no P6216 flag)
wants_wikidata_age,Tingel-Tangel,1930,tt0229781,published before 1931 (US PD by age; no P6216 flag)
wants_wikidata_age,How Do I Become Rich and Happy?,1930,tt0021552,published before 1931 (US PD by age; no P6216 flag)
wants_wikidata_age,The Road to Paradise,1930,tt0221875,published before 1931 (US PD by age; no P6216 flag)
wants_wikidata_age,Judas,1930,tt0020035,published before 1931 (US PD by age; no P6216 flag)
wants_wikidata_age,The Plan for Great Works,1930,tt0021259,published before 1931 (US PD by age; no P6216 flag)
wants_wikidata_age,Reno,1930,tt0021296,published before 1931 (US PD by age; no P6216 flag)
wants_wikidata_age,The Old Song,1930,tt0020636,published before 1931 (US PD by age; no P6216 flag)
wants_wikidata_age,Embarrassing Moments,1930,tt0020853,published before 1931 (US PD by age; no P6216 flag)
wants_wikidata_age,Die Somme: Das Grab der Millionen,1930,tt0434348,published before 1931 (US PD by age; no P6216 flag)
wants_wikidata_age,Wild Flower,1930,tt0227844,published before 1931 (US PD by age; no P6216 flag)
wants_wikidata_age,There Is a Woman Who Never Forgets You,1930,tt0136181,published before 1931 (US PD by age; no P6216 flag)
wants_wikidata_age,The Ring of the Empress,1930,tt0136547,published before 1931 (US PD by age; no P6216 flag)
wants_wikidata_age,Love and Champagne,1930,tt0466050,published before 1931 (US PD by age; no P6216 flag)
wants_wikidata_age,Illusions,1930,tt0201683,published before 1931 (US PD by age; no P6216 flag)
wants_wikidata_age,The Copper,1930,tt0020789,published before 1931 (US PD by age; no P6216 flag)
wants_wikidata_age,Harmony at Home,1930,tt0020951,published before 1931 (US PD by age; no P6216 flag)
wants_wikidata_age,The Dance Goes On,1930,tt0021452,published before 1931 (US PD by age; no P6216 flag)
wants_wikidata_age,"Our Masters, the Servants",1930,tt0191320,published before 1931 (US PD by age; no P6216 flag)
wants_wikidata_age,Grješnice,1930,tt0198524,published before 1931 (US PD by age; no P6216 flag)
wants_wikidata_age,Around the Corner,1930,tt0020650,published before 1931 (US PD by age; no P6216 flag)
wants_wikidata_age,Raise the Roof,1930,tt0145427,published before 1931 (US PD by age; no P6216 flag)
wants_wikidata_age,Caste,1930,tt0020746,published before 1931 (US PD by age; no P6216 flag)
wants_wikidata_age,Instinct,1930,tt0020028,published before 1931 (US PD by age; no P6216 flag)
wants_wikidata_age,Leave It to Me,1930,tt0414217,published before 1931 (US PD by age; no P6216 flag)
wants_wikidata_age,Loose Ends,1930,tt0021088,published before 1931 (US PD by age; no P6216 flag)
wants_wikidata_age,Hai-Tang,1930,tt0202385,published before 1931 (US PD by age; no P6216 flag)
wants_wikidata_age,Morals at Midnight,1930,tt0021154,published before 1931 (US PD by age; no P6216 flag)
wants_wikidata_age,Headin' North,1930,tt0020955,published before 1931 (US PD by age; no P6216 flag)
wants_wikidata_age,Fire in the Opera House,1930,tt0020707,published before 1931 (US PD by age; no P6216 flag)
wants_wikidata_age,Hans in Every Street,1930,tt0020948,published before 1931 (US PD by age; no P6216 flag)
wants_wikidata_age,End of the Rainbow,1930,tt0170167,published before 1931 (US PD by age; no P6216 flag)
wants_wikidata_age,Only on the Rhine,1930,tt0129269,published before 1931 (US PD by age; no P6216 flag)
wants_wikidata_age,Marriage in Name Only,1930,tt0232997,published before 1931 (US PD by age; no P6216 flag)
wants_wikidata_age,Delicatessen,1930,tt0020818,published before 1931 (US PD by age; no P6216 flag)
wants_wikidata_age,A Girl from the Reeperbahn,1930,tt0021169,published before 1931 (US PD by age; no P6216 flag)
wants_wikidata_age,Go to Blazes,1930,tt0141128,published before 1931 (US PD by age; no P6216 flag)
wants_wikidata_age,Marriage Strike,1930,tt0325301,published before 1931 (US PD by age; no P6216 flag)
wants_wikidata_age,Flachsmann the Educator,1930,tt0263344,published before 1931 (US PD by age; no P6216 flag)
wants_wikidata_age,Not Damaged,1930,tt0021188,published before 1931 (US PD by age; no P6216 flag)
wants_wikidata_age,Busy Girls,1930,tt0465186,published before 1931 (US PD by age; no P6216 flag)
wants_wikidata_age,Of Life and Death,1930,tt0454783,published before 1931 (US PD by age; no P6216 flag)
wants_wikidata_age,Witnesses Wanted,1930,tt0429271,published before 1931 (US PD by age; no P6216 flag)
wants_wikidata_age,The Golden Calf,1930,tt0020925,published before 1931 (US PD by age; no P6216 flag)
wants_wikidata_age,The Man in the Dark,1930,tt0466063,published before 1931 (US PD by age; no P6216 flag)
wants_wikidata_age,"Next, Please!",1930,tt0466079,published before 1931 (US PD by age; no P6216 flag)
wants_wikidata_age,On the Level,1930,tt0021209,published before 1931 (US PD by age; no P6216 flag)
wants_wikidata_age,The Best Mistress,1930,tt0330619,published before 1931 (US PD by age; no P6216 flag)
wants_wikidata_age,The Dawn Trail,1930,tt0020816,published before 1931 (US PD by age; no P6216 flag)
wants_wikidata_age,Reno or Bust,1930,tt2058062,published before 1931 (US PD by age; no P6216 flag)
wants_wikidata_age,One Mad Kiss,1930,tt0021215,published before 1931 (US PD by age; no P6216 flag)
wants_wikidata_age,The Rampant Age,1930,tt0021284,published before 1931 (US PD by age; no P6216 flag)
wants_wikidata_age,Ladies Must Play,1930,tt0021038,published before 1931 (US PD by age; no P6216 flag)
wants_wikidata_age,Red Aces,1930,tt0020314,published before 1931 (US PD by age; no P6216 flag)
wants_wikidata_age,Second Honeymoon,1930,tt0021349,published before 1931 (US PD by age; no P6216 flag)
wants_wikidata_age,Sisters,1930,tt0021383,published before 1931 (US PD by age; no P6216 flag)
wants_wikidata_age,The Widow's Ball,1930,tt0133279,published before 1931 (US PD by age; no P6216 flag)
wants_wikidata_age,Dixie Days,1930,tt0146628,published before 1931 (US PD by age; no P6216 flag)
wants_wikidata_age,Good Old Schooldays,1930,tt0161625,published before 1931 (US PD by age; no P6216 flag)
wants_wikidata_age,The Stein Song,1930,tt0141855,published before 1931 (US PD by age; no P6216 flag)
wants_wikidata_age,It Happens Every Day,1930,tt0464947,published before 1931 (US PD by age; no P6216 flag)
wants_wikidata_age,The Uncle from Sumatra,1930,tt0130158,published before 1931 (US PD by age; no P6216 flag)
wants_wikidata_age,The Stolen Face,1930,tt0020917,published before 1931 (US PD by age; no P6216 flag)
wants_wikidata_age,Twice Married,1930,tt0227862,published before 1931 (US PD by age; no P6216 flag)
wants_wikidata_age,Dhoomketu,1930,tt0245080,published before 1931 (US PD by age; no P6216 flag)
wants_wikidata_age,Devadasi,1930,tt0214626,published before 1931 (US PD by age; no P6216 flag)
wants_wikidata_age,Chit Chor,1930,tt0390971,published before 1931 (US PD by age; no P6216 flag)
wants_wikidata_age,Dahlia,1930,tt0156446,published before 1931 (US PD by age; no P6216 flag)
wants_wikidata_age,Bhagyodaya,1930,tt0390904,published before 1931 (US PD by age; no P6216 flag)
wants_wikidata_age,Daily Mail,1930,tt0213585,published before 1931 (US PD by age; no P6216 flag)
wants_wikidata_age,Desh Deepak,1930,tt0391063,published before 1931 (US PD by age; no P6216 flag)
wants_wikidata_age,Arunodaya,1930,tt0241199,published before 1931 (US PD by age; no P6216 flag)
wants_wikidata_age,Anadhai Penn,1930,tt0258414,published before 1931 (US PD by age; no P6216 flag)
wants_wikidata_age,Dav Pech,1930,tt0214617,published before 1931 (US PD by age; no P6216 flag)
wants_wikidata_age,Bal Gopal,1930,tt0390879,published before 1931 (US PD by age; no P6216 flag)
wants_wikidata_age,Abad Veer,1930,tt0390815,published before 1931 (US PD by age; no P6216 flag)
wants_wikidata_age,Adarsha Ramani,1930,tt0390817,published before 1931 (US PD by age; no P6216 flag)
wants_wikidata_age,Adl-e-Jehangir,1930,tt0231086,published before 1931 (US PD by age; no P6216 flag)
wants_wikidata_age,Albelo Sawar,1930,tt0235966,published before 1931 (US PD by age; no P6216 flag)
wants_wikidata_age,Alik Babu,1930,tt0214462,published before 1931 (US PD by age; no P6216 flag)
wants_wikidata_age,Amar Kirti,1930,tt0390832,published before 1931 (US PD by age; no P6216 flag)
wants_wikidata_age,Arya Kanya,1930,tt0390854,published before 1931 (US PD by age; no P6216 flag)
wants_wikidata_age,Avirice,1930,tt0390863,published before 1931 (US PD by age; no P6216 flag)
wants_wikidata_age,Baharvatiyo Behram,1930,tt0390876,published before 1931 (US PD by age; no P6216 flag)
wants_wikidata_age,Bakavali,1930,tt0390878,published before 1931 (US PD by age; no P6216 flag)
wants_wikidata_age,Baharvatiyo Ni Beti,1930,tt0213479,published before 1931 (US PD by age; no P6216 flag)
wants_wikidata_age,Beguman Ashiq,1930,tt0390891,published before 1931 (US PD by age; no P6216 flag)
wants_wikidata_age,Bhagyavaan Bharwad,1930,tt0390903,published before 1931 (US PD by age; no P6216 flag)
wants_wikidata_age,Bharater Pher,1930,tt0390913,published before 1931 (US PD by age; no P6216 flag)
wants_wikidata_age,Bharat Ramani,1930,tt0154223,published before 1931 (US PD by age; no P6216 flag)
wants_wikidata_age,Bhola Shikar,1930,tt0390921,published before 1931 (US PD by age; no P6216 flag)
wants_wikidata_age,Bhawani No Bhog,1930,tt0213516,published before 1931 (US PD by age; no P6216 flag)
wants_wikidata_age,Bigraha,1930,tt0267322,published before 1931 (US PD by age; no P6216 flag)
wants_wikidata_age,Bishyut Barer Barbela,1930,tt0390933,published before 1931 (US PD by age; no P6216 flag)
wants_wikidata_age,Buker Bojha,1930,tt0156378,published before 1931 (US PD by age; no P6216 flag)
wants_wikidata_age,Chabuk Sawar,1930,tt0390956,published before 1931 (US PD by age; no P6216 flag)
wants_wikidata_age,Chabukne Chamkare,1930,tt0390957,published before 1931 (US PD by age; no P6216 flag)
wants_wikidata_age,Chauhani Talwar,1930,tt0390967,published before 1931 (US PD by age; no P6216 flag)
wants_wikidata_age,Chatur Sundari,1930,tt0355316,published before 1931 (US PD by age; no P6216 flag)
wants_wikidata_age,Chittor Ni Veerangana,1930,tt0213560,published before 1931 (US PD by age; no P6216 flag)
wants_wikidata_age,Daku Ke Dilbar,1930,tt0239322,published before 1931 (US PD by age; no P6216 flag)
wants_wikidata_age,Daivi Khadga,1930,tt0252351,published before 1931 (US PD by age; no P6216 flag)
wants_wikidata_age,Dhruva Narayan,1930,tt0391074,published before 1931 (US PD by age; no P6216 flag)
wants_wikidata_age,Diwani Dilbar,1930,tt0391085,published before 1931 (US PD by age; no P6216 flag)
wants_wikidata_age,Sadaram,1930,tt0258939,published before 1931 (US PD by age; no P6216 flag)
wants_wikidata_age,Safed Sawar,1930,tt0393667,published before 1931 (US PD by age; no P6216 flag)
wants_wikidata_age,Sati Sarala,1930,tt0393697,published before 1931 (US PD by age; no P6216 flag)
wants_wikidata_age,Sati Usha Sundari,1930,tt0258947,published before 1931 (US PD by age; no P6216 flag)
wants_wikidata_age,Savati Matsar,1930,tt1587851,published before 1931 (US PD by age; no P6216 flag)
wants_wikidata_age,Seeta Haran,1930,tt0393718,published before 1931 (US PD by age; no P6216 flag)
wants_wikidata_age,Sati Vijaya,1930,tt0393702,published before 1931 (US PD by age; no P6216 flag)
wants_wikidata_age,Shahi Ishq,1930,tt0393738,published before 1931 (US PD by age; no P6216 flag)
wants_wikidata_age,Shamsheerbaaz,1930,tt0393743,published before 1931 (US PD by age; no P6216 flag)
wants_wikidata_age,Rajsingha,1930,tt0155089,published before 1931 (US PD by age; no P6216 flag)
wants_wikidata_age,Ranakdevi,1930,tt0392689,published before 1931 (US PD by age; no P6216 flag)
wants_wikidata_age,Ram Rahim,1930,tt0156929,published before 1931 (US PD by age; no P6216 flag)
wants_wikidata_age,Rajdoot,1930,tt0214040,published before 1931 (US PD by age; no P6216 flag)
wants_wikidata_age,Krishna Kumari,1930,tt0392299,published before 1931 (US PD by age; no P6216 flag)
wants_wikidata_age,Meetha Zaher,1930,tt0232627,published before 1931 (US PD by age; no P6216 flag)
wants_wikidata_age,Panchasar,1930,tt0156865,published before 1931 (US PD by age; no P6216 flag)
wants_wikidata_age,Lanka,1930,tt0249680,published before 1931 (US PD by age; no P6216 flag)
wants_wikidata_age,Nandanar,1930,tt0258832,published before 1931 (US PD by age; no P6216 flag)
wants_wikidata_age,Mayabee,1930,tt0392432,published before 1931 (US PD by age; no P6216 flag)
wants_wikidata_age,Giribala,1930,tt0156569,published before 1931 (US PD by age; no P6216 flag)
wants_wikidata_age,Hanuman Vijay,1930,tt0392088,published before 1931 (US PD by age; no P6216 flag)
wants_wikidata_age,Shamsher Bahadur,1930,tt0356023,published before 1931 (US PD by age; no P6216 flag)
wants_wikidata_age,Mrinalini,1930,tt0154907,published before 1931 (US PD by age; no P6216 flag)
wants_wikidata_age,Randhir,1930,tt0245383,published before 1931 (US PD by age; no P6216 flag)
wants_wikidata_age,Radha Rani,1930,tt0155083,published before 1931 (US PD by age; no P6216 flag)
wants_wikidata_age,Gajendra Moksham,1930,tt0254341,published before 1931 (US PD by age; no P6216 flag)
wants_wikidata_age,Kabir Kamal,1930,tt0392208,published before 1931 (US PD by age; no P6216 flag)
wants_wikidata_age,Inteqam,1930,tt0156621,published before 1931 (US PD by age; no P6216 flag)
wants_wikidata_age,Dil Dariya,1930,tt0391078,published before 1931 (US PD by age; no P6216 flag)
wants_wikidata_age,Dukhiari,1930,tt0391097,published before 1931 (US PD by age; no P6216 flag)
wants_wikidata_age,Gaibi Sawar,1930,tt0391168,published before 1931 (US PD by age; no P6216 flag)
wants_wikidata_age,Gandhariyin Pulambal,1930,tt0254346,published before 1931 (US PD by age; no P6216 flag)
wants_wikidata_age,Ganesh Janma,1930,tt0391172,published before 1931 (US PD by age; no P6216 flag)
wants_wikidata_age,Garibni Hai,1930,tt0392034,published before 1931 (US PD by age; no P6216 flag)
wants_wikidata_age,Garva Khandan,1930,tt0392035,published before 1931 (US PD by age; no P6216 flag)
wants_wikidata_age,Gul-e-Arab,1930,tt0392076,published before 1931 (US PD by age; no P6216 flag)
wants_wikidata_age,Gulenar,1930,tt0392077,published before 1931 (US PD by age; no P6216 flag)
wants_wikidata_age,Hamarun Hindustan,1930,tt0158647,published before 1931 (US PD by age; no P6216 flag)
wants_wikidata_age,Himmat-e-Mard,1930,tt0392113,published before 1931 (US PD by age; no P6216 flag)
wants_wikidata_age,Hridaya Jwala,1930,tt0392134,published before 1931 (US PD by age; no P6216 flag)
wants_wikidata_age,Husn Ara,1930,tt0392138,published before 1931 (US PD by age; no P6216 flag)
wants_wikidata_age,Jagmagti Jawani,1930,tt0236332,published before 1931 (US PD by age; no P6216 flag)
wants_wikidata_age,Jai Shri Shankar,1930,tt0392174,published before 1931 (US PD by age; no P6216 flag)
wants_wikidata_age,Jai Vijay,1930,tt0392175,published before 1931 (US PD by age; no P6216 flag)
wants_wikidata_age,Jawan Mard,1930,tt0213741,published before 1931 (US PD by age; no P6216 flag)
wants_wikidata_age,Joban Na Jadu,1930,tt0213745,published before 1931 (US PD by age; no P6216 flag)
wants_wikidata_age,Jigarme Gha,1930,tt0392192,published before 1931 (US PD by age; no P6216 flag)
wants_wikidata_age,Josh-e-Jawani,1930,tt0214515,published before 1931 (US PD by age; no P6216 flag)
wants_wikidata_age,Jugal Jugari,1930,tt0392197,published before 1931 (US PD by age; no P6216 flag)
wants_wikidata_age,Jugalangriya,1930,tt0154693,published before 1931 (US PD by age; no P6216 flag)
wants_wikidata_age,Kal Parinaya,1930,tt0214828,published before 1931 (US PD by age; no P6216 flag)
wants_wikidata_age,Kalika No Kop,1930,tt0245193,published before 1931 (US PD by age; no P6216 flag)
wants_wikidata_age,Kalina Ekka,1930,tt0236357,published before 1931 (US PD by age; no P6216 flag)
wants_wikidata_age,Kamale Shamsheer,1930,tt0392215,published before 1931 (US PD by age; no P6216 flag)
wants_wikidata_age,Kanthahaar,1930,tt0214835,published before 1931 (US PD by age; no P6216 flag)
wants_wikidata_age,Khandana Khel,1930,tt0231893,published before 1931 (US PD by age; no P6216 flag)
wants_wikidata_age,Khooni Taj,1930,tt0392273,published before 1931 (US PD by age; no P6216 flag)
wants_wikidata_age,Khuda Parasta,1930,tt0392274,published before 1931 (US PD by age; no P6216 flag)
wants_wikidata_age,Khooni Teer,1930,tt0231903,published before 1931 (US PD by age; no P6216 flag)
wants_wikidata_age,Komalner Ni Kusum,1930,tt0213776,published before 1931 (US PD by age; no P6216 flag)
wants_wikidata_age,Krur Sinha,1930,tt0392307,published before 1931 (US PD by age; no P6216 flag)
wants_wikidata_age,Krishnabarna Tirandaz,1930,tt0392304,published before 1931 (US PD by age; no P6216 flag)
wants_wikidata_age,Das Lakhno Dallo,1930,tt0391046,published before 1931 (US PD by age; no P6216 flag)
wants_wikidata_age,Lanka Dahana,1930,tt0254513,published before 1931 (US PD by age; no P6216 flag)
wants_wikidata_age,Madan Kokila,1930,tt0392374,published before 1931 (US PD by age; no P6216 flag)
wants_wikidata_age,Madhabi Kankan,1930,tt0154808,published before 1931 (US PD by age; no P6216 flag)
wants_wikidata_age,Madhbhar Mohini,1930,tt0392376,published before 1931 (US PD by age; no P6216 flag)
wants_wikidata_age,Manik Jorh,1930,tt0154836,published before 1931 (US PD by age; no P6216 flag)
wants_wikidata_age,Mard Ka Bachcha,1930,tt0392416,published before 1931 (US PD by age; no P6216 flag)
wants_wikidata_age,Mast Fakir,1930,tt0239602,published before 1931 (US PD by age; no P6216 flag)
wants_wikidata_age,Math No Sadhu,1930,tt0264851,published before 1931 (US PD by age; no P6216 flag)
wants_wikidata_age,Mewad No Mawali,1930,tt0392450,published before 1931 (US PD by age; no P6216 flag)
wants_wikidata_age,Mohabbat Nu Phool,1930,tt0392458,published before 1931 (US PD by age; no P6216 flag)
wants_wikidata_age,Moroo,1930,tt0392463,published before 1931 (US PD by age; no P6216 flag)
wants_wikidata_age,Naseeb Ni Nauka,1930,tt0392493,published before 1931 (US PD by age; no P6216 flag)
wants_wikidata_age,Naseeb Ni Balihari,1930,tt0249831,published before 1931 (US PD by age; no P6216 flag)
wants_wikidata_age,Nirbhagi Nirmala,1930,tt0265412,published before 1931 (US PD by age; no P6216 flag)
wants_wikidata_age,Noor-e-Watan,1930,tt0213954,published before 1931 (US PD by age; no P6216 flag)
wants_wikidata_age,Pahadi Kanya,1930,tt0213972,published before 1931 (US PD by age; no P6216 flag)
wants_wikidata_age,Pandava Agyathavas,1930,tt0392586,published before 1931 (US PD by age; no P6216 flag)
wants_wikidata_age,Patan Ni Paniari,1930,tt0239789,published before 1931 (US PD by age; no P6216 flag)
wants_wikidata_age,Peyum Pennum,1930,tt0258879,published before 1931 (US PD by age; no P6216 flag)
wants_wikidata_age,Prameela Arjuna,1930,tt0392624,published before 1931 (US PD by age; no P6216 flag)
wants_wikidata_age,Prem Diwani,1930,tt0232451,published before 1931 (US PD by age; no P6216 flag)
wants_wikidata_age,Raat Ki Baat,1930,tt0156924,published before 1931 (US PD by age; no P6216 flag)
wants_wikidata_age,Radhe Shyam,1930,tt0392653,published before 1931 (US PD by age; no P6216 flag)
wants_wikidata_age,Raj Prapanch,1930,tt0392661,published before 1931 (US PD by age; no P6216 flag)
wants_wikidata_age,Raj Lakshmi,1930,tt0392657,published before 1931 (US PD by age; no P6216 flag)
wants_wikidata_age,Raj Mukut,1930,tt0392659,published before 1931 (US PD by age; no P6216 flag)
wants_wikidata_age,Rajeshwari,1930,tt0258910,published before 1931 (US PD by age; no P6216 flag)
wants_wikidata_age,Rajkumari Ni Ranagarjana,1930,tt0265615,published before 1931 (US PD by age; no P6216 flag)
wants_wikidata_age,Ranchandi,1930,tt0239875,published before 1931 (US PD by age; no P6216 flag)
wants_wikidata_age,Rasili Radha,1930,tt0392696,published before 1931 (US PD by age; no P6216 flag)
wants_wikidata_age,Rasili Rani,1930,tt0236662,published before 1931 (US PD by age; no P6216 flag)
wants_wikidata_age,Shareef Badmash,1930,tt0393746,published before 1931 (US PD by age; no P6216 flag)
wants_wikidata_age,Sher-e-Arab,1930,tt0241947,published before 1931 (US PD by age; no P6216 flag)
wants_wikidata_age,Sher-e-Jawan,1930,tt0393756,published before 1931 (US PD by age; no P6216 flag)
wants_wikidata_age,Sher-e-Jung,1930,tt0393757,published before 1931 (US PD by age; no P6216 flag)
wants_wikidata_age,Shoorana Sangram,1930,tt0393762,published before 1931 (US PD by age; no P6216 flag)
wants_wikidata_age,Shesh Path,1930,tt0158205,published before 1931 (US PD by age; no P6216 flag)
wants_wikidata_age,Shoorveer Sharada,1930,tt0239980,published before 1931 (US PD by age; no P6216 flag)
wants_wikidata_age,Shri Subramanyam,1930,tt0393770,published before 1931 (US PD by age; no P6216 flag)
wants_wikidata_age,Sinbad Khalashi,1930,tt0393776,published before 1931 (US PD by age; no P6216 flag)
wants_wikidata_age,Sinh No Panja,1930,tt0232647,published before 1931 (US PD by age; no P6216 flag)
wants_wikidata_age,Soneri Khanjar,1930,tt0240012,published before 1931 (US PD by age; no P6216 flag)
wants_wikidata_age,Sorathi Baharvatiyo,1930,tt0393802,published before 1931 (US PD by age; no P6216 flag)
wants_wikidata_age,Suvarnamala,1930,tt0393838,published before 1931 (US PD by age; no P6216 flag)
wants_wikidata_age,Surya Prabha,1930,tt0393837,published before 1931 (US PD by age; no P6216 flag)
wants_wikidata_age,Talwar Ka Pani,1930,tt0240072,published before 1931 (US PD by age; no P6216 flag)
wants_wikidata_age,Tati Talwar,1930,tt0265847,published before 1931 (US PD by age; no P6216 flag)
wants_wikidata_age,Valli Kalyanam,1930,tt0393922,published before 1931 (US PD by age; no P6216 flag)
wants_wikidata_age,Vanraj,1930,tt0393929,published before 1931 (US PD by age; no P6216 flag)
wants_wikidata_age,Vaman Avatar,1930,tt0393925,published before 1931 (US PD by age; no P6216 flag)
wants_wikidata_age,Vasant Bengali,1930,tt0232887,published before 1931 (US PD by age; no P6216 flag)
wants_wikidata_age,Veer Bhushan,1930,tt0393938,published before 1931 (US PD by age; no P6216 flag)
wants_wikidata_age,Veer Na Ver,1930,tt0215309,published before 1931 (US PD by age; no P6216 flag)
wants_wikidata_age,Veer Rajput,1930,tt0215310,published before 1931 (US PD by age; no P6216 flag)
wants_wikidata_age,Veer Vairagi,1930,tt0397708,published before 1931 (US PD by age; no P6216 flag)
wants_wikidata_age,Veer Vijaysingh,1930,tt0397709,published before 1931 (US PD by age; no P6216 flag)
wants_wikidata_age,Vifreli Waghan,1930,tt0397716,published before 1931 (US PD by age; no P6216 flag)
wants_wikidata_age,Vipranarayana,1930,tt0159096,published before 1931 (US PD by age; no P6216 flag)
wants_wikidata_age,Zalim Jadugarin,1930,tt0391549,published before 1931 (US PD by age; no P6216 flag)
wants_wikidata_age,Zalim Zulekha,1930,tt0391551,published before 1931 (US PD by age; no P6216 flag)
wants_wikidata_age,Subrahmanyam,1930,tt0356084,published before 1931 (US PD by age; no P6216 flag)
wants_wikidata_age,Vasantsena,1930,tt0230937,published before 1931 (US PD by age; no P6216 flag)
wants_wikidata_age,Sheikh Chilli,1930,tt0393753,published before 1931 (US PD by age; no P6216 flag)
wants_wikidata_age,Srikanta,1930,tt0345958,published before 1931 (US PD by age; no P6216 flag)
wants_wikidata_age,Vijaykumar,1930,tt0267097,published before 1931 (US PD by age; no P6216 flag)
wants_wikidata_age,Yasmina,1930,tt0393987,published before 1931 (US PD by age; no P6216 flag)
wants_wikidata_age,Vijeta,1930,tt0216364,published before 1931 (US PD by age; no P6216 flag)
wants_wikidata_age,Sood,1930,tt0393801,published before 1931 (US PD by age; no P6216 flag)
wants_wikidata_age,The Grand Parade,1930,tt0020934,published before 1931 (US PD by age; no P6216 flag)
wants_wikidata_age,Prince of Diamonds,1930,tt0021271,published before 1931 (US PD by age; no P6216 flag)
wants_wikidata_age,The Love Market,1930,tt0466051,published before 1931 (US PD by age; no P6216 flag)
wants_wikidata_age,The Rhineland Girl,1930,tt0265644,published before 1931 (US PD by age; no P6216 flag)
wants_wikidata_age,The Woman Without Nerves,1930,tt0460801,published before 1931 (US PD by age; no P6216 flag)
wants_wikidata_age,Ça aussi!... c'est Paris,1930,tt0171965,published before 1931 (US PD by age; no P6216 flag)
wants_wikidata_age,Police Spy 77,1930,tt0464157,published before 1931 (US PD by age; no P6216 flag)
wants_wikidata_age,Fighting Thru,1930,tt0020884,published before 1931 (US PD by age; no P6216 flag)
wants_wikidata_age,The Squealer,1930,tt0021416,published before 1931 (US PD by age; no P6216 flag)
wants_wikidata_age,Call of the Circus,1930,tt0020722,published before 1931 (US PD by age; no P6216 flag)
wants_wikidata_age,Western Whoopee,1930,tt0147691,published before 1931 (US PD by age; no P6216 flag)
wants_wikidata_age,Personality,1930,tt0021245,published before 1931 (US PD by age; no P6216 flag)
wants_wikidata_age,Big Money,1930,tt0020688,published before 1931 (US PD by age; no P6216 flag)
wants_wikidata_age,Oh Those Glorious Old Student Days,1930,tt0127055,published before 1931 (US PD by age; no P6216 flag)
wants_wikidata_age,Men Without Law,1930,tt0021139,published before 1931 (US PD by age; no P6216 flag)
wants_wikidata_age,For the Love o' Lil,1930,tt0020897,published before 1931 (US PD by age; no P6216 flag)
wants_wikidata_age,The Lonesome Trail,1930,tt0021086,published before 1931 (US PD by age; no P6216 flag)
wants_wikidata_age,Sagebrush Politics,1930,tt0021328,published before 1931 (US PD by age; no P6216 flag)
wants_wikidata_age,Breed of the West,1930,tt0020709,published before 1931 (US PD by age; no P6216 flag)
wants_wikidata_age,The Virgin of Charity,1930,tt0136604,published before 1931 (US PD by age; no P6216 flag)
wants_wikidata_age,Sleeping Partners,1930,tt0021391,published before 1931 (US PD by age; no P6216 flag)
wants_wikidata_age,Cross Roads,1930,tt0150228,published before 1931 (US PD by age; no P6216 flag)
wants_wikidata_age,Georgia Rose,1930,tt0020916,published before 1931 (US PD by age; no P6216 flag)
wants_wikidata_age,The Darling of Vienna,1930,tt0020969,published before 1931 (US PD by age; no P6216 flag)
wants_wikidata_age,The Deed of Andreas Harmer,1930,tt0197941,published before 1931 (US PD by age; no P6216 flag)
wants_wikidata_age,The Oklahoma Sheriff,1930,tt0145178,published before 1931 (US PD by age; no P6216 flag)
wants_wikidata_age,A Thousand Words of German,1930,tt0130301,published before 1931 (US PD by age; no P6216 flag)
wants_wikidata_age,Die Jugendgeliebte,1930,tt0219108,published before 1931 (US PD by age; no P6216 flag)
wants_wikidata_age,Fundvogel,1930,tt0020909,published before 1931 (US PD by age; no P6216 flag)
wants_wikidata_age,Suronin Chuya,1930,tt11417310,published before 1931 (US PD by age; no P6216 flag)
wants_wikidata_age,Ishikawa Goemon no hōji,1930,tt0342579,published before 1931 (US PD by age; no P6216 flag)
wants_wikidata_age,Pancho Talero en la prehistoria,1930,tt0364585,published before 1931 (US PD by age; no P6216 flag)
wants_wikidata_age,Marching on,1930,tt0323955,published before 1931 (US PD by age; no P6216 flag)
wants_wikidata_age,People in the Fire,1930,tt0466068,published before 1931 (US PD by age; no P6216 flag)
wants_wikidata_age,La Mort de Vénus,1930,tt0258817,published before 1931 (US PD by age; no P6216 flag)
wants_wikidata_age,The Citadel of Warsaw,1930,tt0238715,published before 1931 (US PD by age; no P6216 flag)
wants_wikidata_age,The Jumping Jack,1930,tt0156590,published before 1931 (US PD by age; no P6216 flag)
wants_wikidata_age,Sztabskapitan Gubaniew. Golgota ziemi chełmskiej,1930,tt0907808,published before 1931 (US PD by age; no P6216 flag)
wants_wikidata_age,"Helene Willfüer, Student of Chemistry",1930,tt0446041,published before 1931 (US PD by age; no P6216 flag)
wants_wikidata_age,A Prostitute has Been Murdered,1930,tt0417606,published before 1931 (US PD by age; no P6216 flag)
wants_wikidata_age,The Volga Girl,1930,tt0272941,published before 1931 (US PD by age; no P6216 flag)
wants_wikidata_age,Southward Ho With Mawson,1930,tt0203149,published before 1931 (US PD by age; no P6216 flag)
wants_wikidata_age,Michi wa aru,1930,tt0991278,published before 1931 (US PD by age; no P6216 flag)
wants_wikidata_age,One Family,1930,tt0021213,published before 1931 (US PD by age; no P6216 flag)
wants_wikidata_age,Cinema to the Countryside!,1930,tt0173959,published before 1931 (US PD by age; no P6216 flag)
wants_wikidata_age,"The Prisoner of the Caucasus (film, 1930)",1930,tt21622546,published before 1931 (US PD by age; no P6216 flag)
wants_wikidata_age,Weekend,1930,tt3251726,published before 1931 (US PD by age; no P6216 flag)
