archiveID,url,verdict,detail
bloody_pit_of_horror_ipod,https://archivewatch.org/subs/bloody_pit_of_horror_ipod/en.vtt,ok,1119 cues
day-the-earth-caught-fire,https://archivewatch.org/subs/day-the-earth-caught-fire/en.vtt,ok,1719 cues
the.clairvoyant.1935,https://archivewatch.org/subs/the.clairvoyant.1935/en.vtt,ok,1687 cues
to-the-ends-of-the-earth-1948-mp-4,https://archivewatch.org/subs/to-the-ends-of-the-earth-1948-mp-4/en.vtt,ok,1995 cues
y-2-mate.is-ultimo-deseo-hd-1976-con-nadiuska-gd-0-ay-7k-2wx-e-720p-1628558015960,https://archivewatch.org/subs/y-2-mate.is-ultimo-deseo-hd-1976-con-nadiuska-gd-0-ay-7k-2wx-e-720p-1628558015960/en.vtt,ok,666 cues
vengeance-of-the-zombies-1973,https://archivewatch.org/subs/vengeance-of-the-zombies-1973/en.vtt,ok,614 cues
son-of-fury-the-story-of-benjamin-blake-1942,https://archivewatch.org/subs/son-of-fury-the-story-of-benjamin-blake-1942/en.vtt,ok,869 cues
utopia-4-k,https://archivewatch.org/subs/utopia-4-k/en.vtt,ok,1401 cues
Johnny_Midnight--The_Single,https://archivewatch.org/subs/Johnny_Midnight--The_Single/en.vtt,ok,361 cues
1959-07-27_Havana_Rally,https://archivewatch.org/subs/1959-07-27_Havana_Rally/en.vtt,ok,11 cues
1957-02-14_Redstone_Missile,https://archivewatch.org/subs/1957-02-14_Redstone_Missile/en.vtt,ok,9 cues
OurWorldHoneybees_686,https://archivewatch.org/subs/OurWorldHoneybees_686/en.vtt,ok,105 cues
the-black-watch-1929_202502,https://archivewatch.org/subs/the-black-watch-1929_202502/en.vtt,ok,993 cues
FMAM_TV_PILOT,https://archivewatch.org/subs/FMAM_TV_PILOT/en.vtt,ok,633 cues
meet_john_doe,https://archivewatch.org/subs/meet_john_doe/en.vtt,ok,2634 cues
Battle.of.Midway.1942,https://archivewatch.org/subs/Battle.of.Midway.1942/en.vtt,ok,108 cues
supernatural_202108,https://archivewatch.org/subs/supernatural_202108/en.vtt,ok,660 cues
the-spider-woman,https://archivewatch.org/subs/the-spider-woman/en.vtt,ok,1116 cues
LittleLordFauntleroy720p1936,https://archivewatch.org/subs/LittleLordFauntleroy720p1936/en.vtt,ok,1175 cues
Minesweeper_1943,https://archivewatch.org/subs/Minesweeper_1943/en.vtt,ok,946 cues
AngelAndTheBadManVideoQualityUpgrade,https://archivewatch.org/subs/AngelAndTheBadManVideoQualityUpgrade/en.vtt,empty,no cue timestamps
the-x-from-outer-space,https://archivewatch.org/subs/the-x-from-outer-space/en.vtt,ok,700 cues
the.-longest.-day.-1962,https://archivewatch.org/subs/the.-longest.-day.-1962/en.vtt,ok,1692 cues
1949-the-man-on-the-eiffel-tower-burgess-meredith-vose-ok,https://archivewatch.org/subs/1949-the-man-on-the-eiffel-tower-burgess-meredith-vose-ok/en.vtt,ok,902 cues
yc54654633,https://archivewatch.org/subs/yc54654633/en.vtt,ok,1117 cues
the-scarlet-hour-1956_202312,https://archivewatch.org/subs/the-scarlet-hour-1956_202312/en.vtt,ok,2038 cues
the-killing-kind-1973,https://archivewatch.org/subs/the-killing-kind-1973/en.vtt,ok,987 cues
maddalena-1971-lisa-gastoni-eric-woofe-ivo-garrani-paolo-gozlino-barbara-lilavin,https://archivewatch.org/subs/maddalena-1971-lisa-gastoni-eric-woofe-ivo-garrani-paolo-gozlino-barbara-lilavin/en.vtt,ok,746 cues
dangerous-to-know,https://archivewatch.org/subs/dangerous-to-know/en.vtt,ok,1475 cues
the-screaming-skull-1958_202402,https://archivewatch.org/subs/the-screaming-skull-1958_202402/en.vtt,ok,770 cues
nasa_eclips_072709,https://archivewatch.org/subs/nasa_eclips_072709/en.vtt,ok,138 cues
1958-08-23_missing_title,https://archivewatch.org/subs/1958-08-23_missing_title/en.vtt,ok,36 cues
S1E01-Life_Of_Riley-10_04_49-Tonsils_824,https://archivewatch.org/subs/S1E01-Life_Of_Riley-10_04_49-Tonsils_824/en.vtt,ok,666 cues
the_stranger_film,https://archivewatch.org/subs/the_stranger_film/en.vtt,ok,1291 cues
TheLittleShopOfHorrors1960,https://archivewatch.org/subs/TheLittleShopOfHorrors1960/en.vtt,ok,1373 cues
wolf-man-1941,https://archivewatch.org/subs/wolf-man-1941/en.vtt,ok,897 cues
when-worlds-collide,https://archivewatch.org/subs/when-worlds-collide/en.vtt,ok,1018 cues
1951twoofakindvo,https://archivewatch.org/subs/1951twoofakindvo/en.vtt,ok,1036 cues
Hercules_and_the_Tyrants_of_Babylon,https://archivewatch.org/subs/Hercules_and_the_Tyrants_of_Babylon/en.vtt,ok,484 cues
vampire_bat_50fps_4k,https://archivewatch.org/subs/vampire_bat_50fps_4k/en.vtt,ok,1060 cues
1946nighteditorhenrylevin,https://archivewatch.org/subs/1946nighteditorhenrylevin/en.vtt,ok,789 cues
TheSwap_201511,https://archivewatch.org/subs/TheSwap_201511/en.vtt,ok,1114 cues
quicksand-1950_202403,https://archivewatch.org/subs/quicksand-1950_202403/en.vtt,ok,1320 cues
the.-defiant.-ones.-1958,https://archivewatch.org/subs/the.-defiant.-ones.-1958/en.vtt,ok,1013 cues
anatomy.of.a.-psycho.-1961.720p.-blu-ray.x-264-reel-videos.eng,https://archivewatch.org/subs/anatomy.of.a.-psycho.-1961.720p.-blu-ray.x-264-reel-videos.eng/en.vtt,ok,1245 cues
1953_anniversary_of_1953_East_Berlin_uprising,https://archivewatch.org/subs/1953_anniversary_of_1953_East_Berlin_uprising/en.vtt,ok,15 cues
1945-12-10_Christmas_Brings_Joy_To_Everyone,https://archivewatch.org/subs/1945-12-10_Christmas_Brings_Joy_To_Everyone/en.vtt,ok,62 cues
Santa_Fe_Trail_movie,https://archivewatch.org/subs/Santa_Fe_Trail_movie/en.vtt,ok,1801 cues
1940-12-31_Roosevelt_Warns_Of_Danger_If_Nazis_Win_War,https://archivewatch.org/subs/1940-12-31_Roosevelt_Warns_Of_Danger_If_Nazis_Win_War/en.vtt,ok,35 cues
1938-11-16_FDR_Leads_Nation_Against_Nazi_Persecutions,https://archivewatch.org/subs/1938-11-16_FDR_Leads_Nation_Against_Nazi_Persecutions/en.vtt,ok,14 cues
the.-tinder.-swindler.-2022.720p,https://archivewatch.org/subs/the.-tinder.-swindler.-2022.720p/en.vtt,ok,57 cues
1911-a-victim-of-the-mormons,https://archivewatch.org/subs/1911-a-victim-of-the-mormons/en.vtt,ok,30 cues
0985-chase-dance-07-june-20,https://archivewatch.org/subs/0985-chase-dance-07-june-20/en.vtt,short,4 cues
Nuremberg,https://archivewatch.org/subs/Nuremberg/en.vtt,ok,733 cues
1974.10.13-wkbw-frank-sinatra-the-main-event-1977.04.24-wkbw-sinatra-a,https://archivewatch.org/subs/1974.10.13-wkbw-frank-sinatra-the-main-event-1977.04.24-wkbw-sinatra-a/en.vtt,short,1 cues
the-greene-murder-case-1929,https://archivewatch.org/subs/the-greene-murder-case-1929/en.vtt,ok,1416 cues
1937-10-04_Hoover_Blasts_Parole_Boards,https://archivewatch.org/subs/1937-10-04_Hoover_Blasts_Parole_Boards/en.vtt,ok,9 cues
jsc2019m000619_Biomining_in_Space-MXF,https://archivewatch.org/subs/jsc2019m000619_Biomining_in_Space-MXF/en.vtt,ok,16 cues
sedermasochism,https://archivewatch.org/subs/sedermasochism/en.vtt,ok,864 cues
WhyWeFight2TheNazisStrike,https://archivewatch.org/subs/WhyWeFight2TheNazisStrike/en.vtt,ok,570 cues
1951thegirlonthebridgehugohass,https://archivewatch.org/subs/1951thegirlonthebridgehugohass/en.vtt,ok,937 cues
the-bedford-incident-1965_202006,https://archivewatch.org/subs/the-bedford-incident-1965_202006/en.vtt,ok,1247 cues
the-milky-way-1936,https://archivewatch.org/subs/the-milky-way-1936/en.vtt,ok,1849 cues
scream-of-fear,https://archivewatch.org/subs/scream-of-fear/en.vtt,ok,973 cues
mummy-s-ghost-1944,https://archivewatch.org/subs/mummy-s-ghost-1944/en.vtt,ok,728 cues
no-more-orchids-1932,https://archivewatch.org/subs/no-more-orchids-1932/en.vtt,ok,1025 cues
gods-little-acre-1958,https://archivewatch.org/subs/gods-little-acre-1958/en.vtt,ok,1462 cues
horror-rises-from-the-tomb-1973,https://archivewatch.org/subs/horror-rises-from-the-tomb-1973/en.vtt,ok,552 cues
the-scarlet-clue-1945-dvd-mkv,https://archivewatch.org/subs/the-scarlet-clue-1945-dvd-mkv/en.vtt,ok,1261 cues
time-without-pity-1957_202506,https://archivewatch.org/subs/time-without-pity-1957_202506/en.vtt,ok,1318 cues
step-down-to-terror-1958,https://archivewatch.org/subs/step-down-to-terror-1958/en.vtt,ok,1514 cues
david-and-goliath-1960,https://archivewatch.org/subs/david-and-goliath-1960/en.vtt,empty,no cue timestamps
too-many-husbands-1940,https://archivewatch.org/subs/too-many-husbands-1940/en.vtt,ok,1199 cues
tobor-the-great-1954-colorized-movie-720p-hd,https://archivewatch.org/subs/tobor-the-great-1954-colorized-movie-720p-hd/en.vtt,ok,898 cues
TheJohnsHopkinsScienceReview-TheMasterGlassBlower1951,https://archivewatch.org/subs/TheJohnsHopkinsScienceReview-TheMasterGlassBlower1951/en.vtt,ok,369 cues
Jsc2018m000190STEMonstrations_Newtons_Third_Law_of_Motion,https://archivewatch.org/subs/Jsc2018m000190STEMonstrations_Newtons_Third_Law_of_Motion/en.vtt,ok,88 cues
George_Burns_And_Gracie_Allen_-_Jack_Benny_Guests,https://archivewatch.org/subs/George_Burns_And_Gracie_Allen_-_Jack_Benny_Guests/en.vtt,ok,500 cues
captain-planet-atp-s-01-e-05-deadly-ransom-480p-amzn-web-dl,https://archivewatch.org/subs/captain-planet-atp-s-01-e-05-deadly-ransom-480p-amzn-web-dl/en.vtt,ok,427 cues
CarnivalOfSouls1962,https://archivewatch.org/subs/CarnivalOfSouls1962/en.vtt,ok,524 cues
TheMemphisBelleAStoryofaFlyingFortress,https://archivewatch.org/subs/TheMemphisBelleAStoryofaFlyingFortress/en.vtt,ok,350 cues
cold_sweat.avi,https://archivewatch.org/subs/cold_sweat.avi/en.vtt,ok,1088 cues
BlondeIce,https://archivewatch.org/subs/BlondeIce/en.vtt,ok,1469 cues
ShieldForMurder,https://archivewatch.org/subs/ShieldForMurder/en.vtt,ok,1038 cues
ph884535312,https://archivewatch.org/subs/ph884535312/en.vtt,ok,1136 cues
man-of-the-moment,https://archivewatch.org/subs/man-of-the-moment/en.vtt,ok,1068 cues
bombay-talkie-1970,https://archivewatch.org/subs/bombay-talkie-1970/en.vtt,ok,1031 cues
the-fall-of-the-roman-empire-1964,https://archivewatch.org/subs/the-fall-of-the-roman-empire-1964/en.vtt,ok,1450 cues
monstrosity-1963,https://archivewatch.org/subs/monstrosity-1963/en.vtt,ok,572 cues
plane-dead-dvdrip,https://archivewatch.org/subs/plane-dead-dvdrip/en.vtt,ok,1179 cues
the-deadly-companion-4-k,https://archivewatch.org/subs/the-deadly-companion-4-k/en.vtt,ok,572 cues
scarlet-street-1945_202404,https://archivewatch.org/subs/scarlet-street-1945_202404/en.vtt,ok,1451 cues
TheAdventuresOfOzzieHarriet-TheProwler1965,https://archivewatch.org/subs/TheAdventuresOfOzzieHarriet-TheProwler1965/en.vtt,ok,685 cues
1946-08-19_President_on_Vacation,https://archivewatch.org/subs/1946-08-19_President_on_Vacation/en.vtt,ok,27 cues
Beverly_Hillbillies_Ep47_The_Garden_Party,https://archivewatch.org/subs/Beverly_Hillbillies_Ep47_The_Garden_Party/en.vtt,ok,362 cues
the-persuaders-1971-episode-1-of-24-overture-roger-moore-tony-curtis-full-episode-hd,https://archivewatch.org/subs/the-persuaders-1971-episode-1-of-24-overture-roger-moore-tony-curtis-full-episode-hd/en.vtt,ok,651 cues
jsc2017m001151_Space_Debris_Sensor,https://archivewatch.org/subs/jsc2017m001151_Space_Debris_Sensor/en.vtt,short,1 cues
condooooooooolman24,https://archivewatch.org/subs/condooooooooolman24/en.vtt,ok,174 cues
gilda-1946_202106,https://archivewatch.org/subs/gilda-1946_202106/en.vtt,ok,1277 cues
pot_o_gold,https://archivewatch.org/subs/pot_o_gold/en.vtt,ok,1023 cues
the-curse-of-the-mummys-tomb,https://archivewatch.org/subs/the-curse-of-the-mummys-tomb/en.vtt,ok,960 cues
thb445465887188,https://archivewatch.org/subs/thb445465887188/en.vtt,ok,1966 cues
citythatneversleeps1953usafeaturinggigyoungwilliamtalmanfilmnoirfullmovie,https://archivewatch.org/subs/citythatneversleeps1953usafeaturinggigyoungwilliamtalmanfilmnoirfullmovie/en.vtt,ok,1193 cues
1941-Venus-vor-Gericht,https://archivewatch.org/subs/1941-Venus-vor-Gericht/en.vtt,repetitive,13% unique lines
TheFleshandtheFiends1960,https://archivewatch.org/subs/TheFleshandtheFiends1960/en.vtt,ok,1375 cues
1952-affair-in-trinidad-la-dama-de-trinidad-vincent-sherman-vo,https://archivewatch.org/subs/1952-affair-in-trinidad-la-dama-de-trinidad-vincent-sherman-vo/en.vtt,ok,1567 cues
DEMENTIA_201508,https://archivewatch.org/subs/DEMENTIA_201508/en.vtt,ok,834 cues
the-frightened-lady-1940,https://archivewatch.org/subs/the-frightened-lady-1940/en.vtt,ok,1383 cues
fatal_glass_of_beer,https://archivewatch.org/subs/fatal_glass_of_beer/en.vtt,ok,214 cues
1951-the-house-on-telegraph-hill-la-casa-de-la-colina-robert-wise-ve,https://archivewatch.org/subs/1951-the-house-on-telegraph-hill-la-casa-de-la-colina-robert-wise-ve/en.vtt,ok,1104 cues
pickup-on-south-street-1953-restored-movie-720p-hd,https://archivewatch.org/subs/pickup-on-south-street-1953-restored-movie-720p-hd/en.vtt,ok,1002 cues
twentyOne-8july1957,https://archivewatch.org/subs/twentyOne-8july1957/en.vtt,ok,561 cues
scm-42286-dancewiththerhythmofexistence,https://archivewatch.org/subs/scm-42286-dancewiththerhythmofexistence/en.vtt,ok,201 cues
1950EpisodeOftheBusterKeatonShow,https://archivewatch.org/subs/1950EpisodeOftheBusterKeatonShow/en.vtt,ok,268 cues
tokkan-kozo-yasujiro-ozu-jap-1929,https://archivewatch.org/subs/tokkan-kozo-yasujiro-ozu-jap-1929/en.vtt,ok,28 cues
TLS_Viv_Visits_Lucy,https://archivewatch.org/subs/TLS_Viv_Visits_Lucy/en.vtt,repetitive,5% unique lines
TheSphinx1933,https://archivewatch.org/subs/TheSphinx1933/en.vtt,ok,850 cues
the-ladykillers_202105,https://archivewatch.org/subs/the-ladykillers_202105/en.vtt,ok,1096 cues
tbosm3543543177,https://archivewatch.org/subs/tbosm3543543177/en.vtt,ok,1768 cues
1952-dont-bother-to-knock-niebla-en-el-alma-roy-ward-baker-vose,https://archivewatch.org/subs/1952-dont-bother-to-knock-niebla-en-el-alma-roy-ward-baker-vose/en.vtt,ok,1220 cues
harakiri-1962_202510,https://archivewatch.org/subs/harakiri-1962_202510/en.vtt,ok,1190 cues
CountSchlockulasShockShowVolume12,https://archivewatch.org/subs/CountSchlockulasShockShowVolume12/en.vtt,ok,475 cues
invasion-u.-s.-a.-1952,https://archivewatch.org/subs/invasion-u.-s.-a.-1952/en.vtt,ok,1050 cues
sandokan-pirate-of-malaysia,https://archivewatch.org/subs/sandokan-pirate-of-malaysia/en.vtt,ok,625 cues
cyrano-4-k,https://archivewatch.org/subs/cyrano-4-k/en.vtt,ok,1956 cues
mad-hatter-columbia-screen-gems-1940,https://archivewatch.org/subs/mad-hatter-columbia-screen-gems-1940/en.vtt,ok,990 cues
hinc_movie,https://archivewatch.org/subs/hinc_movie/en.vtt,ok,287 cues
UniversalNewsreelVolume34Issue801-23-1961,https://archivewatch.org/subs/UniversalNewsreelVolume34Issue801-23-1961/en.vtt,ok,60 cues
1960-11-10_Kennedy_Elected,https://archivewatch.org/subs/1960-11-10_Kennedy_Elected/en.vtt,ok,70 cues
1960-08-04_march_of_events_in_congo_crisis,https://archivewatch.org/subs/1960-08-04_march_of_events_in_congo_crisis/en.vtt,ok,29 cues
1874PierreJulesCsarJanssenPassageDeVenus.webm.360p,https://archivewatch.org/subs/1874PierreJulesCsarJanssenPassageDeVenus.webm.360p/de.vtt,empty,no cue timestamps
4113-1-gloriana,https://archivewatch.org/subs/4113-1-gloriana/en.vtt,ok,20 cues
sahara-colorized,https://archivewatch.org/subs/sahara-colorized/en.vtt,ok,1094 cues
The47Ronin,https://archivewatch.org/subs/The47Ronin/en.vtt,ok,1788 cues
tobor-the-great-1954-colorized,https://archivewatch.org/subs/tobor-the-great-1954-colorized/en.vtt,ok,898 cues
the-rivers-edge-1957,https://archivewatch.org/subs/the-rivers-edge-1957/en.vtt,ok,1055 cues
ErniePyleStory,https://archivewatch.org/subs/ErniePyleStory/en.vtt,ok,1240 cues
1948thebigclockelrelojasesinojohnfarrow,https://archivewatch.org/subs/1948thebigclockelrelojasesinojohnfarrow/en.vtt,ok,1354 cues
the-enforcer-bogart,https://archivewatch.org/subs/the-enforcer-bogart/en.vtt,ok,3038 cues
here-comes-mr.-jordan-1941_202507,https://archivewatch.org/subs/here-comes-mr.-jordan-1941_202507/en.vtt,ok,1557 cues
woman-on-the-run-1950-vose,https://archivewatch.org/subs/woman-on-the-run-1950-vose/en.vtt,ok,1220 cues
ord-i-rattan-tid,https://archivewatch.org/subs/ord-i-rattan-tid/en.vtt,ok,1003 cues
CC711_dos_mac,https://archivewatch.org/subs/CC711_dos_mac/en.vtt,short,"5 cues, stops 1% in"
Christmas_201303,https://archivewatch.org/subs/Christmas_201303/en.vtt,ok,559 cues
1967_PD_Soapie,https://archivewatch.org/subs/1967_PD_Soapie/en.vtt,ok,475 cues
KheriMichelleTheHighwayman,https://archivewatch.org/subs/KheriMichelleTheHighwayman/en.vtt,ok,1567 cues
unknownWonderwowmanpilot,https://archivewatch.org/subs/unknownWonderwowmanpilot/en.vtt,ok,191 cues
the-canary-murder-case-1929_202502,https://archivewatch.org/subs/the-canary-murder-case-1929_202502/en.vtt,ok,1336 cues
1948-sorry-wrong-number-voces-de-muerte-anatole-litvak-vose,https://archivewatch.org/subs/1948-sorry-wrong-number-voces-de-muerte-anatole-litvak-vose/en.vtt,ok,1467 cues
SantaClausConquerstheMartians1964,https://archivewatch.org/subs/SantaClausConquerstheMartians1964/en.vtt,ok,1232 cues
Quicksand720p1950,https://archivewatch.org/subs/Quicksand720p1950/en.vtt,ok,1321 cues
bm86fgh443,https://archivewatch.org/subs/bm86fgh443/en.vtt,ok,1611 cues
1948nighthasathousandeyesmilojostienelanochejohnfarrow,https://archivewatch.org/subs/1948nighthasathousandeyesmilojostienelanochejohnfarrow/en.vtt,ok,1418 cues
sword-of-the-beast,https://archivewatch.org/subs/sword-of-the-beast/en.vtt,ok,734 cues
1949-the-man-on-the-eiffel-tower-burgess-meredith-vose,https://archivewatch.org/subs/1949-the-man-on-the-eiffel-tower-burgess-meredith-vose/en.vtt,ok,902 cues
1953-pickup-on-south-street-manos-peligrosas-samuel-fuller-vose,https://archivewatch.org/subs/1953-pickup-on-south-street-manos-peligrosas-samuel-fuller-vose/en.vtt,ok,1002 cues
Cartoonita.com,https://archivewatch.org/subs/Cartoonita.com/en.vtt,ok,1981 cues
TheWestPointStory,https://archivewatch.org/subs/TheWestPointStory/en.vtt,ok,1590 cues
night-editor-1946_202403,https://archivewatch.org/subs/night-editor-1946_202403/en.vtt,ok,789 cues
TinkerBellAndTheLostTreasure,https://archivewatch.org/subs/TinkerBellAndTheLostTreasure/en.vtt,ok,996 cues
aty-baty_shli_soldaty,https://archivewatch.org/subs/aty-baty_shli_soldaty/en.vtt,binary,UTF-16 / NUL-heavy
mr.-x-in-bombay.-1964.1-cd.-by.-kamran-444,https://archivewatch.org/subs/mr.-x-in-bombay.-1964.1-cd.-by.-kamran-444/en.vtt,ok,1788 cues
tom-sawyer-1973_202511,https://archivewatch.org/subs/tom-sawyer-1973_202511/en.vtt,ok,1445 cues
dunyayi-kurtaran-adam_movie,https://archivewatch.org/subs/dunyayi-kurtaran-adam_movie/en.vtt,ok,431 cues
TheFredWaringShow-8October1949,https://archivewatch.org/subs/TheFredWaringShow-8October1949/en.vtt,ok,437 cues
dead-of-night-1972,https://archivewatch.org/subs/dead-of-night-1972/en.vtt,ok,869 cues
ErrolFlynn--Sealed_Room,https://archivewatch.org/subs/ErrolFlynn--Sealed_Room/en.vtt,ok,396 cues
1957-11-04_Pennsylvania,https://archivewatch.org/subs/1957-11-04_Pennsylvania/en.vtt,ok,24 cues
theJanePowellShow-UnsoldPilot,https://archivewatch.org/subs/theJanePowellShow-UnsoldPilot/en.vtt,ok,521 cues
beavervalley_201702,https://archivewatch.org/subs/beavervalley_201702/en.vtt,ok,318 cues
JealousJoeRandolph,https://archivewatch.org/subs/JealousJoeRandolph/en.vtt,ok,699 cues
episode_920,https://archivewatch.org/subs/episode_920/en.vtt,ok,22 cues
The_Mickey_Rooney_Show_Misc_ep_08,https://archivewatch.org/subs/The_Mickey_Rooney_Show_Misc_ep_08/en.vtt,ok,309 cues
black_raven,https://archivewatch.org/subs/black_raven/en.vtt,ok,633 cues
jack_and_the_beanstalk_ipod,https://archivewatch.org/subs/jack_and_the_beanstalk_ipod/en.vtt,ok,902 cues
TheMonolithMonsters1957,https://archivewatch.org/subs/TheMonolithMonsters1957/en.vtt,ok,827 cues
Suddenly_1954,https://archivewatch.org/subs/Suddenly_1954/en.vtt,ok,1587 cues
star-in-the-dust-1956-,https://archivewatch.org/subs/star-in-the-dust-1956-/en.vtt,ok,922 cues
BlackWidow1954,https://archivewatch.org/subs/BlackWidow1954/en.vtt,ok,1586 cues
The_Strangler_1963,https://archivewatch.org/subs/The_Strangler_1963/en.vtt,ok,1071 cues
1955-mr.-arkadin-confidential-report-orson-welles-vose,https://archivewatch.org/subs/1955-mr.-arkadin-confidential-report-orson-welles-vose/en.vtt,ok,1600 cues
the-stranger-1946_202404,https://archivewatch.org/subs/the-stranger-1946_202404/en.vtt,ok,1343 cues
the-turning-point-1952_202502,https://archivewatch.org/subs/the-turning-point-1952_202502/en.vtt,ok,1500 cues
AStrangerInTown,https://archivewatch.org/subs/AStrangerInTown/en.vtt,ok,902 cues
1949-johnny-allegro-ted-tetzlaff-vose,https://archivewatch.org/subs/1949-johnny-allegro-ted-tetzlaff-vose/en.vtt,ok,1121 cues
1936-das-madchen-irene-lil-dagover-sabine-peters-hedwig-bleibtreu-elsa-wagner-karl-schonbock,https://archivewatch.org/subs/1936-das-madchen-irene-lil-dagover-sabine-peters-hedwig-bleibtreu-elsa-wagner-karl-schonbock/en.vtt,ok,1114 cues
oliver.-twist.-1948,https://archivewatch.org/subs/oliver.-twist.-1948/en.vtt,ok,985 cues
house.of.-usher-1960,https://archivewatch.org/subs/house.of.-usher-1960/en.vtt,ok,949 cues
dr-jekyll-vs-the-werewolf-1972,https://archivewatch.org/subs/dr-jekyll-vs-the-werewolf-1972/en.vtt,ok,556 cues
kiss-of-death-1947-restored-movie-720p-hd,https://archivewatch.org/subs/kiss-of-death-1947-restored-movie-720p-hd/en.vtt,ok,1135 cues
First-8K-Video-from-Space,https://archivewatch.org/subs/First-8K-Video-from-Space/en.vtt,short,1 cues
gov.archives.arc.642010,https://archivewatch.org/subs/gov.archives.arc.642010/en.vtt,empty,no cue timestamps
1959-09-14_Reds_Lunik_Hits_The_Moon,https://archivewatch.org/subs/1959-09-14_Reds_Lunik_Hits_The_Moon/en.vtt,ok,13 cues
1945-05-10_Funeral_Pyres_of_Nazidom,https://archivewatch.org/subs/1945-05-10_Funeral_Pyres_of_Nazidom/en.vtt,ok,75 cues
OurWorldCareersAtNasa-MoreThanJustAstronauts,https://archivewatch.org/subs/OurWorldCareersAtNasa-MoreThanJustAstronauts/en.vtt,ok,120 cues
TheWomanInGreen1945,https://archivewatch.org/subs/TheWomanInGreen1945/en.vtt,ok,1247 cues
white_zombie,https://archivewatch.org/subs/white_zombie/en.vtt,ok,425 cues
Love_That_Bob-5x04_Bob_and_the_Ravishing_Realtor,https://archivewatch.org/subs/Love_That_Bob-5x04_Bob_and_the_Ravishing_Realtor/en.vtt,ok,440 cues
BeneathThe12-mileReef1953,https://archivewatch.org/subs/BeneathThe12-mileReef1953/en.vtt,ok,993 cues
TheApe1940,https://archivewatch.org/subs/TheApe1940/en.vtt,ok,804 cues
Streetfighter_778,https://archivewatch.org/subs/Streetfighter_778/en.vtt,ok,572 cues
PennySerenade,https://archivewatch.org/subs/PennySerenade/en.vtt,ok,1144 cues
EyesInTheNight720p1942,https://archivewatch.org/subs/EyesInTheNight720p1942/en.vtt,ok,1325 cues
island-of-lost-men-1939-,https://archivewatch.org/subs/island-of-lost-men-1939-/en.vtt,ok,1209 cues
TheLastTimeISawParis720p1954,https://archivewatch.org/subs/TheLastTimeISawParis720p1954/en.vtt,ok,1846 cues
1943-Wien-1910,https://archivewatch.org/subs/1943-Wien-1910/en.vtt,ok,1380 cues
1938-napoleon-ist-an-allem-schuld,https://archivewatch.org/subs/1938-napoleon-ist-an-allem-schuld/en.vtt,ok,1138 cues
black-sun_202103,https://archivewatch.org/subs/black-sun_202103/en.vtt,ok,442 cues
1951-house-of-strangers-odio-entre-hermanos-joseph-l.-mankiewicz-vose_202008,https://archivewatch.org/subs/1951-house-of-strangers-odio-entre-hermanos-joseph-l.-mankiewicz-vose_202008/en.vtt,ok,1124 cues
sapphire-1959_202506,https://archivewatch.org/subs/sapphire-1959_202506/en.vtt,ok,1248 cues
1953-city-that-never-sleeps-la-ciudad-que-nunca-duerme-john-h.-auer-vose,https://archivewatch.org/subs/1953-city-that-never-sleeps-la-ciudad-que-nunca-duerme-john-h.-auer-vose/en.vtt,ok,1193 cues
chatos-land-1972_202510,https://archivewatch.org/subs/chatos-land-1972_202510/en.vtt,ok,1067 cues
hit-the-ice-1943,https://archivewatch.org/subs/hit-the-ice-1943/en.vtt,ok,1310 cues
the-whistler-1944-colorized-movie-576p-sd,https://archivewatch.org/subs/the-whistler-1944-colorized-movie-576p-sd/en.vtt,ok,1145 cues
hollow-triumph-the-scar-1948-restored-movie-720p-hd,https://archivewatch.org/subs/hollow-triumph-the-scar-1948-restored-movie-720p-hd/en.vtt,ok,1178 cues
the-space-shuttle-narrated-by-william-shatner-SvaG0xDdP8g,https://archivewatch.org/subs/the-space-shuttle-narrated-by-william-shatner-SvaG0xDdP8g/en.vtt,ok,1568 cues
Software_3,https://archivewatch.org/subs/Software_3/en.vtt,ok,542 cues
iss069m261021754_Expedition_69_InFlight_UAE_Media_230412,https://archivewatch.org/subs/iss069m261021754_Expedition_69_InFlight_UAE_Media_230412/en.vtt,ok,535 cues
RealWorldToolsForConstruction-NasasLunarCrane,https://archivewatch.org/subs/RealWorldToolsForConstruction-NasasLunarCrane/en.vtt,ok,86 cues
Jack_Benny_11_04_1951,https://archivewatch.org/subs/Jack_Benny_11_04_1951/en.vtt,ok,298 cues
TheStranger720p,https://archivewatch.org/subs/TheStranger720p/en.vtt,ok,1291 cues
front-page-1931-pat-obrien,https://archivewatch.org/subs/front-page-1931-pat-obrien/en.vtt,ok,1890 cues
son-of-frankenstein-1939-colorized-movie-720p-hd,https://archivewatch.org/subs/son-of-frankenstein-1939-colorized-movie-720p-hd/en.vtt,ok,1129 cues
faces-1968-john-cassavetes-1592511629934,https://archivewatch.org/subs/faces-1968-john-cassavetes-1592511629934/en.vtt,ok,1629 cues
12.-danger-river,https://archivewatch.org/subs/12.-danger-river/en.vtt,ok,72 cues
PrinceValiant,https://archivewatch.org/subs/PrinceValiant/en.vtt,ok,892 cues
1954-suddenly-de-repente-lewis-allen-vose,https://archivewatch.org/subs/1954-suddenly-de-repente-lewis-allen-vose/en.vtt,ok,1587 cues
a-bucket-of-blood-1959_20250321,https://archivewatch.org/subs/a-bucket-of-blood-1959_20250321/en.vtt,ok,1214 cues
hercules-and-the-captive-women-full-action-drama-classic-movie-reg-park,https://archivewatch.org/subs/hercules-and-the-captive-women-full-action-drama-classic-movie-reg-park/en.vtt,ok,1210 cues
SexLifeOfAPolyp,https://archivewatch.org/subs/SexLifeOfAPolyp/en.vtt,ok,208 cues
the-north-star-1943,https://archivewatch.org/subs/the-north-star-1943/en.vtt,ok,1176 cues
odds-against-tomorrow-1959-restored-movie-720p-hd,https://archivewatch.org/subs/odds-against-tomorrow-1959-restored-movie-720p-hd/en.vtt,ok,809 cues
PoletikEpisode18,https://archivewatch.org/subs/PoletikEpisode18/en.vtt,ok,718 cues
LifeSWorkJobsS1E9,https://archivewatch.org/subs/LifeSWorkJobsS1E9/en.vtt,ok,274 cues
1965-02-08_Showdown_in_Vietnam,https://archivewatch.org/subs/1965-02-08_Showdown_in_Vietnam/en.vtt,ok,74 cues
1933-11-15_Loyola_Students_Compete_For_Keg,https://archivewatch.org/subs/1933-11-15_Loyola_Students_Compete_For_Keg/en.vtt,short,2 cues
CC1940SING3,https://archivewatch.org/subs/CC1940SING3/en.vtt,ok,359 cues
scooby-doo_20210808,https://archivewatch.org/subs/scooby-doo_20210808/en.vtt,ok,9 cues
Beverly_Hillbillies_Ep34_The_Psychiatrist_Gets_Clampetted,https://archivewatch.org/subs/Beverly_Hillbillies_Ep34_The_Psychiatrist_Gets_Clampetted/en.vtt,ok,444 cues
shazamisis,https://archivewatch.org/subs/shazamisis/en.vtt,ok,7 cues
BlueSteel,https://archivewatch.org/subs/BlueSteel/en.vtt,ok,346 cues
ManoftheForest,https://archivewatch.org/subs/ManoftheForest/en.vtt,ok,518 cues
1957-sweet-smell-of-success-alexander-mackendrick-vose,https://archivewatch.org/subs/1957-sweet-smell-of-success-alexander-mackendrick-vose/en.vtt,ok,1322 cues
TheLeopardMan1943,https://archivewatch.org/subs/TheLeopardMan1943/en.vtt,ok,1187 cues
CALTIKITheImmortalMonster1960,https://archivewatch.org/subs/CALTIKITheImmortalMonster1960/en.vtt,ok,705 cues
foto_20211208,https://archivewatch.org/subs/foto_20211208/en.vtt,ok,1565 cues
1953-vicki-harry-horner-vose,https://archivewatch.org/subs/1953-vicki-harry-horner-vose/en.vtt,ok,1151 cues
cleopatra-1963_202511,https://archivewatch.org/subs/cleopatra-1963_202511/en.vtt,ok,2753 cues
plan-94-k,https://archivewatch.org/subs/plan-94-k/en.vtt,ok,789 cues
AksionetERothschildsNWaterloo,https://archivewatch.org/subs/AksionetERothschildsNWaterloo/en.vtt,empty,no cue timestamps
shopworn-1932_202507,https://archivewatch.org/subs/shopworn-1932_202507/en.vtt,ok,1170 cues
joshila.-1973.-dv-drip.-xvi-d.-mp-3.by.-indian-hacker,https://archivewatch.org/subs/joshila.-1973.-dv-drip.-xvi-d.-mp-3.by.-indian-hacker/en.vtt,ok,1782 cues
the-black-godfather-1974_202505,https://archivewatch.org/subs/the-black-godfather-1974_202505/en.vtt,ok,1578 cues
the-intruder-1962_202312,https://archivewatch.org/subs/the-intruder-1962_202312/en.vtt,ok,1096 cues
DifferentWheels1964RaznyeKolesaEnglishSubtitlesRussia,https://archivewatch.org/subs/DifferentWheels1964RaznyeKolesaEnglishSubtitlesRussia/en.vtt,ok,101 cues
1958-02-06_Navys_Satellite,https://archivewatch.org/subs/1958-02-06_Navys_Satellite/en.vtt,ok,61 cues
WhatDoYouWant_201603,https://archivewatch.org/subs/WhatDoYouWant_201603/en.vtt,ok,721 cues
JukeBoxJury29thOctober,https://archivewatch.org/subs/JukeBoxJury29thOctober/en.vtt,ok,349 cues
Beverly_Hillbillies_Ep04_The_Clampetts_Meet_Mrs_Drysdale,https://archivewatch.org/subs/Beverly_Hillbillies_Ep04_The_Clampetts_Meet_Mrs_Drysdale/en.vtt,ok,348 cues
Beverly_Hillbillies_Ep45_The_Clampetts_Go_Hollywood,https://archivewatch.org/subs/Beverly_Hillbillies_Ep45_The_Clampetts_Go_Hollywood/en.vtt,ok,391 cues
Love_That_Bob-5x01-1958-09-23-Bob_and_Schultzy_Reunite.avi,https://archivewatch.org/subs/Love_That_Bob-5x01-1958-09-23-Bob_and_Schultzy_Reunite.avi/en.vtt,ok,588 cues
Beverly_Hillbillies_Ep11_Elly_Races_Jethrine,https://archivewatch.org/subs/Beverly_Hillbillies_Ep11_Elly_Races_Jethrine/en.vtt,ok,379 cues
The_Mickey_Rooney_Show_Misc_ep_17,https://archivewatch.org/subs/The_Mickey_Rooney_Show_Misc_ep_17/en.vtt,ok,257 cues
the-doll-with-millions-1928,https://archivewatch.org/subs/the-doll-with-millions-1928/en.vtt,ok,101 cues
lady-snowblood,https://archivewatch.org/subs/lady-snowblood/en.vtt,ok,801 cues
merrywidow4k,https://archivewatch.org/subs/merrywidow4k/en.vtt,ok,1203 cues
passport-to-pimlico,https://archivewatch.org/subs/passport-to-pimlico/en.vtt,ok,1090 cues
sywa99435345,https://archivewatch.org/subs/sywa99435345/en.vtt,ok,2566 cues
man-on-a-tightrope-1953,https://archivewatch.org/subs/man-on-a-tightrope-1953/en.vtt,ok,1374 cues
la-chauve-souris-du-diable,https://archivewatch.org/subs/la-chauve-souris-du-diable/en.vtt,ok,814 cues
the-night-strangler-1973,https://archivewatch.org/subs/the-night-strangler-1973/en.vtt,ok,1211 cues
jackbenny-jackgetsrobbed,https://archivewatch.org/subs/jackbenny-jackgetsrobbed/en.vtt,ok,576 cues
1944-03-20_Blast_Berlin_By_Daylight,https://archivewatch.org/subs/1944-03-20_Blast_Berlin_By_Daylight/en.vtt,ok,60 cues
Tales_Of_Tomorrow_-_Red_Dust,https://archivewatch.org/subs/Tales_Of_Tomorrow_-_Red_Dust/en.vtt,ok,524 cues
iss068m262841556_Expedition_68_Crew-4_News_Conference_221011,https://archivewatch.org/subs/iss068m262841556_Expedition_68_Crew-4_News_Conference_221011/en.vtt,ok,808 cues
WhyTryScienceInMicrogravity,https://archivewatch.org/subs/WhyTryScienceInMicrogravity/en.vtt,short,1 cues
1931-the-criminal-code-el-codigo-criminal-howard-hawks-vo,https://archivewatch.org/subs/1931-the-criminal-code-el-codigo-criminal-howard-hawks-vo/en.vtt,ok,1518 cues
the-snake-pit-1948,https://archivewatch.org/subs/the-snake-pit-1948/en.vtt,ok,1863 cues
1959-suddenly-last-summer-de-repente-el-ultimo-verano-joseph-l.-mankiewicz-vose,https://archivewatch.org/subs/1959-suddenly-last-summer-de-repente-el-ultimo-verano-joseph-l.-mankiewicz-vose/en.vtt,ok,1658 cues
the.-golem.-1920,https://archivewatch.org/subs/the.-golem.-1920/en.vtt,ok,143 cues
1944-Junge-Adler,https://archivewatch.org/subs/1944-Junge-Adler/en.vtt,repetitive,61% unique lines
1949-the-hidden-room-obsession-edward-dmytryk-vose,https://archivewatch.org/subs/1949-the-hidden-room-obsession-edward-dmytryk-vose/en.vtt,ok,1230 cues
rock-a-bye-baby-1958-comedy-jerry-lewis,https://archivewatch.org/subs/rock-a-bye-baby-1958-comedy-jerry-lewis/en.vtt,ok,1231 cues
intentions-of-murder,https://archivewatch.org/subs/intentions-of-murder/en.vtt,ok,1275 cues
CarnivalOfSouls_823,https://archivewatch.org/subs/CarnivalOfSouls_823/en.vtt,ok,524 cues
the-dark-mirror-1946-720p,https://archivewatch.org/subs/the-dark-mirror-1946-720p/en.vtt,ok,1229 cues
three-ressurected-drunkards,https://archivewatch.org/subs/three-ressurected-drunkards/en.vtt,ok,561 cues
the-strange-one-1957-ben-gazzara-pat-hingle-peter-mark-richman-2102431124148,https://archivewatch.org/subs/the-strange-one-1957-ben-gazzara-pat-hingle-peter-mark-richman-2102431124148/en.vtt,ok,1522 cues
cast-a-dark-shadow-1955-restored-movie-720p-hd,https://archivewatch.org/subs/cast-a-dark-shadow-1955-restored-movie-720p-hd/en.vtt,ok,1685 cues
the-man-with-the-golden-arm-1955,https://archivewatch.org/subs/the-man-with-the-golden-arm-1955/en.vtt,ok,1897 cues
the-desperate-hours_202407,https://archivewatch.org/subs/the-desperate-hours_202407/en.vtt,ok,941 cues
7.3-d.-o.-a.-1949,https://archivewatch.org/subs/7.3-d.-o.-a.-1949/en.vtt,ok,965 cues
ace-in-a-hole-1951,https://archivewatch.org/subs/ace-in-a-hole-1951/en.vtt,ok,1668 cues
191920HaroldLloydHauntedSpooksXvid,https://archivewatch.org/subs/191920HaroldLloydHauntedSpooksXvid/en.vtt,repetitive,2% unique lines
1912LadislasStarevichTheBeautifulLeukanida.3gp,https://archivewatch.org/subs/1912LadislasStarevichTheBeautifulLeukanida.3gp/en.vtt,repetitive,5% unique lines
1935JosephHenaberyThruTrafficPaulKellyMargueriteChurchill,https://archivewatch.org/subs/1935JosephHenaberyThruTrafficPaulKellyMargueriteChurchill/en.vtt,ok,1019 cues
two-flags-west-1950-with-joseph-cotten-linda-darnell-jeff-chandler-and-cornel-wilde,https://archivewatch.org/subs/two-flags-west-1950-with-joseph-cotten-linda-darnell-jeff-chandler-and-cornel-wilde/en.vtt,ok,1206 cues
BuffaloBillJr-Firstposse1955,https://archivewatch.org/subs/BuffaloBillJr-Firstposse1955/en.vtt,ok,353 cues
1940-10-30_Nations_Draft_Lottery_Held,https://archivewatch.org/subs/1940-10-30_Nations_Draft_Lottery_Held/en.vtt,ok,6 cues
be-silent-my-sorrow-be-silent-molchi-grust-molchi-1918,https://archivewatch.org/subs/be-silent-my-sorrow-be-silent-molchi-grust-molchi-1918/en.vtt,ok,151 cues
Robin_Hood_28_Children_Of_Greenwood,https://archivewatch.org/subs/Robin_Hood_28_Children_Of_Greenwood/en.vtt,ok,389 cues
Strange_Illusion,https://archivewatch.org/subs/Strange_Illusion/en.vtt,ok,1445 cues
indestructible.-man.-1956,https://archivewatch.org/subs/indestructible.-man.-1956/en.vtt,ok,872 cues
OHROSALINDA1955,https://archivewatch.org/subs/OHROSALINDA1955/en.vtt,ok,1571 cues
1959-compulsion-impulso-criminal-richard-fleischer-vose,https://archivewatch.org/subs/1959-compulsion-impulso-criminal-richard-fleischer-vose/en.vtt,ok,1578 cues
1956slightlyscarletligeramenteescarlataallandwan,https://archivewatch.org/subs/1956slightlyscarletligeramenteescarlataallandwan/en.vtt,ok,1079 cues
tbs5554477,https://archivewatch.org/subs/tbs5554477/en.vtt,ok,1295 cues
the-man-who-could-work-miracles-1936,https://archivewatch.org/subs/the-man-who-could-work-miracles-1936/en.vtt,ok,1343 cues
i-see-naked-vedo-nudo-1969-sylva-koscina-veronique-vendell-daniela-giordano-edda,https://archivewatch.org/subs/i-see-naked-vedo-nudo-1969-sylva-koscina-veronique-vendell-daniela-giordano-edda/en.vtt,ok,1287 cues
svtplay-jXbPN9M,https://archivewatch.org/subs/svtplay-jXbPN9M/en.vtt,ok,810 cues
MoreyAmsterdamShow1950,https://archivewatch.org/subs/MoreyAmsterdamShow1950/en.vtt,ok,388 cues
1945-12-06_Nazis_Face_War_Crime_Evidence,https://archivewatch.org/subs/1945-12-06_Nazis_Face_War_Crime_Evidence/en.vtt,ok,19 cues
torment.-1944.1080p.-blu-ray.x-264.-aac-yts.-mx,https://archivewatch.org/subs/torment.-1944.1080p.-blu-ray.x-264.-aac-yts.-mx/en.vtt,ok,1086 cues
whatsmyline31October1965,https://archivewatch.org/subs/whatsmyline31October1965/en.vtt,ok,505 cues
Calendar_Harold_Lloyd,https://archivewatch.org/subs/Calendar_Harold_Lloyd/en.vtt,ok,158 cues
warning_from_space_1956,https://archivewatch.org/subs/warning_from_space_1956/en.vtt,ok,698 cues
Beverly_Hillbillies_Ep08_Jethro_Goes_To_School,https://archivewatch.org/subs/Beverly_Hillbillies_Ep08_Jethro_Goes_To_School/en.vtt,ok,462 cues
Dragnet_TheBigCast,https://archivewatch.org/subs/Dragnet_TheBigCast/en.vtt,ok,658 cues
jsc2018m000152_5_Things_You_Didnt_Know_About_Astronaut_Drew_Feustel,https://archivewatch.org/subs/jsc2018m000152_5_Things_You_Didnt_Know_About_Astronaut_Drew_Feustel/en.vtt,ok,42 cues
TerrorByNight1946,https://archivewatch.org/subs/TerrorByNight1946/en.vtt,ok,1040 cues
alexander-nevsky-1938,https://archivewatch.org/subs/alexander-nevsky-1938/en.vtt,ok,450 cues
The_Most_Dangerous_Game_32,https://archivewatch.org/subs/The_Most_Dangerous_Game_32/en.vtt,ok,624 cues
gate-of-hell,https://archivewatch.org/subs/gate-of-hell/en.vtt,ok,565 cues
PublicdomainGalateaFilmandTitanusEstherandtheKing,https://archivewatch.org/subs/PublicdomainGalateaFilmandTitanusEstherandtheKing/en.vtt,ok,1254 cues
the-greene-murder-case_1929,https://archivewatch.org/subs/the-greene-murder-case_1929/en.vtt,ok,1419 cues
1946-somewhere-in-the-night-solo-en-la-noche-joseph-l.-mankiewicz-vose,https://archivewatch.org/subs/1946-somewhere-in-the-night-solo-en-la-noche-joseph-l.-mankiewicz-vose/en.vtt,ok,1348 cues
MissileToTheMoon,https://archivewatch.org/subs/MissileToTheMoon/en.vtt,ok,1230 cues
the-street-with-no-name-1948,https://archivewatch.org/subs/the-street-with-no-name-1948/en.vtt,ok,975 cues
the.black.book,https://archivewatch.org/subs/the.black.book/en.vtt,ok,1169 cues
the-palm-beach-story-1942,https://archivewatch.org/subs/the-palm-beach-story-1942/en.vtt,ok,1571 cues
svtplay-jE4BnB2,https://archivewatch.org/subs/svtplay-jE4BnB2/en.vtt,ok,757 cues
soldier-of-fortune-1955_202506,https://archivewatch.org/subs/soldier-of-fortune-1955_202506/en.vtt,ok,1128 cues
det-ljuva-livet,https://archivewatch.org/subs/det-ljuva-livet/en.vtt,ok,1252 cues
1960-08-15_space_triumph,https://archivewatch.org/subs/1960-08-15_space_triumph/en.vtt,ok,41 cues
1933-10-16_Anzac_In_Curious_Racial_Mix-Up,https://archivewatch.org/subs/1933-10-16_Anzac_In_Curious_Racial_Mix-Up/en.vtt,ok,6 cues
1955-10-31_Deadlock,https://archivewatch.org/subs/1955-10-31_Deadlock/en.vtt,ok,35 cues
1960sMainstreamCultureozzieAndHarrietaPaintingFromThePast17,https://archivewatch.org/subs/1960sMainstreamCultureozzieAndHarrietaPaintingFromThePast17/en.vtt,ok,549 cues
ColgateComedyHourWithAbbottAndCostelloAndGuestsGeorgeRaftAndLouie,https://archivewatch.org/subs/ColgateComedyHourWithAbbottAndCostelloAndGuestsGeorgeRaftAndLouie/en.vtt,ok,923 cues
die-abenteuer-des-prinzen-achmed,https://archivewatch.org/subs/die-abenteuer-des-prinzen-achmed/en.vtt,ok,152 cues
blonde-venus,https://archivewatch.org/subs/blonde-venus/en.vtt,ok,973 cues
IBuryTheLiving1958,https://archivewatch.org/subs/IBuryTheLiving1958/en.vtt,ok,1168 cues
TheStranger_201511,https://archivewatch.org/subs/TheStranger_201511/en.vtt,ok,1299 cues
nightandthecity1950,https://archivewatch.org/subs/nightandthecity1950/en.vtt,ok,1179 cues
the-fall-of-the-house-of-usher,https://archivewatch.org/subs/the-fall-of-the-house-of-usher/en.vtt,ok,949 cues
ladies-of-leisure_1930,https://archivewatch.org/subs/ladies-of-leisure_1930/en.vtt,ok,1243 cues
night-owls_1930,https://archivewatch.org/subs/night-owls_1930/en.vtt,ok,236 cues
the.-iron.-curtain.-,https://archivewatch.org/subs/the.-iron.-curtain.-/en.vtt,ok,1208 cues
que-el-cielo-la-juzgue-1946-vose,https://archivewatch.org/subs/que-el-cielo-la-juzgue-1946-vose/en.vtt,ok,1385 cues
v615585,https://archivewatch.org/subs/v615585/en.vtt,ok,1415 cues
1945thehouseon92ndstreethenryhathaway,https://archivewatch.org/subs/1945thehouseon92ndstreethenryhathaway/en.vtt,empty,no cue timestamps
scream-of-fear-1961,https://archivewatch.org/subs/scream-of-fear-1961/en.vtt,ok,973 cues
MAMAR,https://archivewatch.org/subs/MAMAR/en.vtt,ok,685 cues
dishonored-lady-1947,https://archivewatch.org/subs/dishonored-lady-1947/en.vtt,ok,1267 cues
pot-o-gold-1941,https://archivewatch.org/subs/pot-o-gold-1941/en.vtt,ok,1023 cues
squirm-1976_202507,https://archivewatch.org/subs/squirm-1976_202507/en.vtt,ok,858 cues
1960-05-12_powers_case,https://archivewatch.org/subs/1960-05-12_powers_case/en.vtt,ok,19 cues
1945-03-15_Allies_Open_Final_Drive_In_Germany,https://archivewatch.org/subs/1945-03-15_Allies_Open_Final_Drive_In_Germany/en.vtt,ok,75 cues
1943-09-02_Reds_Rout_Nazis,https://archivewatch.org/subs/1943-09-02_Reds_Rout_Nazis/en.vtt,ok,6 cues
CC1218_greatest_games,https://archivewatch.org/subs/CC1218_greatest_games/en.vtt,ok,477 cues
tellittogroucho,https://archivewatch.org/subs/tellittogroucho/en.vtt,ok,739 cues
BobbyDarinAndFriends,https://archivewatch.org/subs/BobbyDarinAndFriends/en.vtt,ok,596 cues
TheHunt,https://archivewatch.org/subs/TheHunt/en.vtt,ok,1057 cues
Dragnet_The_Big_Hit_And_Run_Killer,https://archivewatch.org/subs/Dragnet_The_Big_Hit_And_Run_Killer/en.vtt,ok,350 cues
The_Mickey_Rooney_Show_Misc_ep_18,https://archivewatch.org/subs/The_Mickey_Rooney_Show_Misc_ep_18/en.vtt,ok,222 cues
all.-quiet.-on.-the.-western.-front.-1930,https://archivewatch.org/subs/all.-quiet.-on.-the.-western.-front.-1930/en.vtt,ok,1459 cues
IdaLupinostheHitch-hiker1953,https://archivewatch.org/subs/IdaLupinostheHitch-hiker1953/en.vtt,ok,527 cues
the_klansman_1974,https://archivewatch.org/subs/the_klansman_1974/en.vtt,ok,1750 cues
CurseOfTheAztecMummylaMaldicionDeLaMomiaAzteca1957-English,https://archivewatch.org/subs/CurseOfTheAztecMummylaMaldicionDeLaMomiaAzteca1957-English/en.vtt,ok,587 cues
lecole-des-facteurs,https://archivewatch.org/subs/lecole-des-facteurs/en.vtt,ok,79 cues
the-strange-affair-of-uncle-harry-1945,https://archivewatch.org/subs/the-strange-affair-of-uncle-harry-1945/en.vtt,ok,1129 cues
brennendes-geheimnis-1933-mit-alfred-abel-hilde-wagener-willi-forst-regie-robert-siodmak,https://archivewatch.org/subs/brennendes-geheimnis-1933-mit-alfred-abel-hilde-wagener-willi-forst-regie-robert-siodmak/en.vtt,binary,UTF-16 / NUL-heavy
the-man-with-a-cloak-1951,https://archivewatch.org/subs/the-man-with-a-cloak-1951/en.vtt,ok,1653 cues
passion-flower_1930,https://archivewatch.org/subs/passion-flower_1930/en.vtt,ok,1366 cues
the-rains-came-1939_202508,https://archivewatch.org/subs/the-rains-came-1939_202508/en.vtt,ok,1260 cues
1947-body-and-soul-cuerpo-y-alma-robert-rossen-vose,https://archivewatch.org/subs/1947-body-and-soul-cuerpo-y-alma-robert-rossen-vose/en.vtt,ok,1395 cues
the-shanghai-story-1954,https://archivewatch.org/subs/the-shanghai-story-1954/en.vtt,ok,1212 cues
the-mummy-s-tomb-1942,https://archivewatch.org/subs/the-mummy-s-tomb-1942/en.vtt,ok,678 cues
the-gorgon-1964,https://archivewatch.org/subs/the-gorgon-1964/en.vtt,ok,860 cues
salt-of-the-earth-1954,https://archivewatch.org/subs/salt-of-the-earth-1954/en.vtt,ok,1503 cues
je-taime-moi-non-plus-1976-jane-birkin-joe-dallesandro-hugues-quester-reinhard-k,https://archivewatch.org/subs/je-taime-moi-non-plus-1976-jane-birkin-joe-dallesandro-hugues-quester-reinhard-k/en.vtt,ok,320 cues
a-farewell-to-arms-1957_202506,https://archivewatch.org/subs/a-farewell-to-arms-1957_202506/en.vtt,ok,1811 cues
jack-and-the-beanstalk-1952,https://archivewatch.org/subs/jack-and-the-beanstalk-1952/en.vtt,ok,902 cues
point-of-terror,https://archivewatch.org/subs/point-of-terror/en.vtt,ok,1400 cues
rage-at-dawn-4-k,https://archivewatch.org/subs/rage-at-dawn-4-k/en.vtt,ok,1112 cues
the-strange-one-1957-restored-movie-720p-hd,https://archivewatch.org/subs/the-strange-one-1957-restored-movie-720p-hd/en.vtt,ok,1522 cues
the-doolins-of-oklahoma-1949,https://archivewatch.org/subs/the-doolins-of-oklahoma-1949/en.vtt,ok,1283 cues
duello-nel-texas-1963,https://archivewatch.org/subs/duello-nel-texas-1963/en.vtt,ok,787 cues
1961-11-30_New_Mexico,https://archivewatch.org/subs/1961-11-30_New_Mexico/en.vtt,ok,11 cues
ar_cc160_cdrom,https://archivewatch.org/subs/ar_cc160_cdrom/ar.vtt,ok,495 cues
Robin_Hood_06_A_Guest_For_The_Gallows,https://archivewatch.org/subs/Robin_Hood_06_A_Guest_For_The_Gallows/en.vtt,ok,228 cues
DarkJourney,https://archivewatch.org/subs/DarkJourney/en.vtt,ok,784 cues
1951-circle-of-danger-circulo-de-peligro-jacques-tourneur-vose,https://archivewatch.org/subs/1951-circle-of-danger-circulo-de-peligro-jacques-tourneur-vose/en.vtt,ok,1580 cues
queen-bee-1955,https://archivewatch.org/subs/queen-bee-1955/en.vtt,ok,1454 cues
Shock_623,https://archivewatch.org/subs/Shock_623/en.vtt,ok,851 cues
he-walked-by-night-1948_202405,https://archivewatch.org/subs/he-walked-by-night-1948_202405/en.vtt,ok,774 cues
strangers-in-the-night-1944_202307,https://archivewatch.org/subs/strangers-in-the-night-1944_202307/en.vtt,ok,718 cues
night-of-the-living-dead-colorized-1968,https://archivewatch.org/subs/night-of-the-living-dead-colorized-1968/en.vtt,ok,1052 cues
ThePassionOfJoanOfArc1928,https://archivewatch.org/subs/ThePassionOfJoanOfArc1928/en.vtt,ok,194 cues
gold-1974_202401,https://archivewatch.org/subs/gold-1974_202401/en.vtt,ok,1053 cues
gamera-tai-uchu-kaiju-bairasu-1968,https://archivewatch.org/subs/gamera-tai-uchu-kaiju-bairasu-1968/en.vtt,ok,733 cues
drive-a-crooked-road-1954-restored-movie-720p-hd,https://archivewatch.org/subs/drive-a-crooked-road-1954-restored-movie-720p-hd/en.vtt,ok,1169 cues
Dennis_OKeefe_Counterfeiters,https://archivewatch.org/subs/Dennis_OKeefe_Counterfeiters/en.vtt,ok,422 cues
OSB-49_The_Clown,https://archivewatch.org/subs/OSB-49_The_Clown/en.vtt,ok,252 cues
Betty_Mutton,https://archivewatch.org/subs/Betty_Mutton/en.vtt,ok,500 cues
slowestguninthewest1960,https://archivewatch.org/subs/slowestguninthewest1960/en.vtt,ok,1011 cues
You_Can_Change_The_World_-_1951-tv-documentary,https://archivewatch.org/subs/You_Can_Change_The_World_-_1951-tv-documentary/en.vtt,ok,507 cues
kansascityconfidencial,https://archivewatch.org/subs/kansascityconfidencial/en.vtt,ok,1378 cues
brain_that_wouldnt_die,https://archivewatch.org/subs/brain_that_wouldnt_die/en.vtt,ok,1011 cues
lost-horizon-1937-colorized,https://archivewatch.org/subs/lost-horizon-1937-colorized/en.vtt,ok,1377 cues
the-quatermass-xperiment,https://archivewatch.org/subs/the-quatermass-xperiment/en.vtt,ok,1082 cues
the-virginian_1929,https://archivewatch.org/subs/the-virginian_1929/en.vtt,ok,963 cues
sleepmylove1948,https://archivewatch.org/subs/sleepmylove1948/en.vtt,ok,1616 cues
bighouseu.s.a.1955_201909,https://archivewatch.org/subs/bighouseu.s.a.1955_201909/en.vtt,ok,1017 cues
12-to-the-moon,https://archivewatch.org/subs/12-to-the-moon/en.vtt,ok,862 cues
22-zatoichi-meets-the-one-armed-swordsman,https://archivewatch.org/subs/22-zatoichi-meets-the-one-armed-swordsman/en.vtt,ok,987 cues
1958-the-lineup-contrabando-don-siegel-vose,https://archivewatch.org/subs/1958-the-lineup-contrabando-don-siegel-vose/en.vtt,ok,1403 cues
if-i-were-king-1938,https://archivewatch.org/subs/if-i-were-king-1938/en.vtt,ok,1941 cues
how-funny-can-sex-be-sessomatto-1973,https://archivewatch.org/subs/how-funny-can-sex-be-sessomatto-1973/en.vtt,ok,768 cues
1955-the-desperate-hours-horas-desesperadas-william-wyler-vose,https://archivewatch.org/subs/1955-the-desperate-hours-horas-desesperadas-william-wyler-vose/en.vtt,ok,941 cues
before.-i.-hang.-1940,https://archivewatch.org/subs/before.-i.-hang.-1940/en.vtt,ok,794 cues
ulzanas-raid-1972_20251016,https://archivewatch.org/subs/ulzanas-raid-1972_20251016/en.vtt,ok,947 cues
the-bedford-incident-1965_202511,https://archivewatch.org/subs/the-bedford-incident-1965_202511/en.vtt,ok,1247 cues
messiah-of-evil-1974,https://archivewatch.org/subs/messiah-of-evil-1974/en.vtt,ok,668 cues
lassie-thetrial,https://archivewatch.org/subs/lassie-thetrial/en.vtt,ok,420 cues
The_Match_Game_Pilot,https://archivewatch.org/subs/The_Match_Game_Pilot/en.vtt,ok,540 cues
1946-06-13_Atom_Test_Nears,https://archivewatch.org/subs/1946-06-13_Atom_Test_Nears/en.vtt,ok,31 cues
jeannie-cartoon-series-e-03-the-great-ski-robbery,https://archivewatch.org/subs/jeannie-cartoon-series-e-03-the-great-ski-robbery/en.vtt,ok,432 cues
tobor01,https://archivewatch.org/subs/tobor01/en.vtt,ok,282 cues
Beverly_Hillbillies_Ep15_Jed_Rescues_Pearl,https://archivewatch.org/subs/Beverly_Hillbillies_Ep15_Jed_Rescues_Pearl/en.vtt,ok,192 cues
Beverly_Hillbillies_Ep20_Jed_Throws_A_WingDing,https://archivewatch.org/subs/Beverly_Hillbillies_Ep20_Jed_Throws_A_WingDing/en.vtt,ok,433 cues
DickTracyAndFlatTop,https://archivewatch.org/subs/DickTracyAndFlatTop/en.vtt,ok,465 cues
milenky-stareho-kriminalnika,https://archivewatch.org/subs/milenky-stareho-kriminalnika/en.vtt,ok,284 cues
Cyrano_DeBergerac_ipod,https://archivewatch.org/subs/Cyrano_DeBergerac_ipod/en.vtt,ok,1956 cues
whisky-galore,https://archivewatch.org/subs/whisky-galore/en.vtt,ok,915 cues
hell-and-high-water-1954,https://archivewatch.org/subs/hell-and-high-water-1954/en.vtt,ok,1010 cues
1941-the-face-behind-the-mask-la-mascara-de-fuego-robert-florey,https://archivewatch.org/subs/1941-the-face-behind-the-mask-la-mascara-de-fuego-robert-florey/en.vtt,ok,1050 cues
time-without-pity-1957,https://archivewatch.org/subs/time-without-pity-1957/en.vtt,ok,1318 cues
the-diary-of-a-chambermaid-1946_202508,https://archivewatch.org/subs/the-diary-of-a-chambermaid-1946_202508/en.vtt,ok,1011 cues
vij-eller-prastseminariets-likvaka-viy-1967,https://archivewatch.org/subs/vij-eller-prastseminariets-likvaka-viy-1967/en.vtt,ok,472 cues
BettyWhiteShow,https://archivewatch.org/subs/BettyWhiteShow/en.vtt,ok,482 cues
Robin_Hood_29_The_May_Queen,https://archivewatch.org/subs/Robin_Hood_29_The_May_Queen/en.vtt,ok,348 cues
1945-07-16_Jet_Planes_in_Action,https://archivewatch.org/subs/1945-07-16_Jet_Planes_in_Action/en.vtt,short,2 cues
1945-02-26_First_Pictures_Manila_Conquest,https://archivewatch.org/subs/1945-02-26_First_Pictures_Manila_Conquest/en.vtt,ok,46 cues
1936-11-09_Automobile_for_Cross-Country_Travel_Devised,https://archivewatch.org/subs/1936-11-09_Automobile_for_Cross-Country_Travel_Devised/en.vtt,short,3 cues
jsc2017m000772_Interns_In_Their_Natural_Habitat,https://archivewatch.org/subs/jsc2017m000772_Interns_In_Their_Natural_Habitat/en.vtt,ok,39 cues
Dustys_Trail_Bear,https://archivewatch.org/subs/Dustys_Trail_Bear/en.vtt,ok,432 cues
sunbeam_commercial_5,https://archivewatch.org/subs/sunbeam_commercial_5/en.vtt,binary,UTF-16 / NUL-heavy
Love_That_Bob_Ep4x33_Bob_DIgs_Rock_And_Roll,https://archivewatch.org/subs/Love_That_Bob_Ep4x33_Bob_DIgs_Rock_And_Roll/en.vtt,ok,577 cues
gentlemen-prefer-blondes-1953,https://archivewatch.org/subs/gentlemen-prefer-blondes-1953/en.vtt,ok,1122 cues
hook-line-and-sinker_1930,https://archivewatch.org/subs/hook-line-and-sinker_1930/en.vtt,ok,1271 cues
verdun-visions-dhistoire_1928,https://archivewatch.org/subs/verdun-visions-dhistoire_1928/en.vtt,ok,460 cues
the.-man.-they.-could.-not.-hang.-1939,https://archivewatch.org/subs/the.-man.-they.-could.-not.-hang.-1939/en.vtt,ok,1142 cues
clouded-yellow-1950,https://archivewatch.org/subs/clouded-yellow-1950/en.vtt,ok,1030 cues
1958-edge-of-fury-robert-j.-gurney-jr.-irving-lerner-vose,https://archivewatch.org/subs/1958-edge-of-fury-robert-j.-gurney-jr.-irving-lerner-vose/en.vtt,ok,998 cues
the-living-skeleton,https://archivewatch.org/subs/the-living-skeleton/en.vtt,ok,553 cues
TheVampireBatcompleteVersion,https://archivewatch.org/subs/TheVampireBatcompleteVersion/en.vtt,ok,1060 cues
prinzessin-turandot-1934,https://archivewatch.org/subs/prinzessin-turandot-1934/en.vtt,ok,1050 cues
johnny-stool-pigeon-1949,https://archivewatch.org/subs/johnny-stool-pigeon-1949/en.vtt,ok,1224 cues
dancing-pirate-1936_202505,https://archivewatch.org/subs/dancing-pirate-1936_202505/en.vtt,ok,1105 cues
byleth-the-demon-of-incest-1972-claudia-gravy-silvana-pompilli-marzia-damon-carl,https://archivewatch.org/subs/byleth-the-demon-of-incest-1972-claudia-gravy-silvana-pompilli-marzia-damon-carl/en.vtt,ok,597 cues
millie-1931,https://archivewatch.org/subs/millie-1931/en.vtt,ok,1050 cues
another-fine-mess_1930,https://archivewatch.org/subs/another-fine-mess_1930/en.vtt,ok,379 cues
too-later-for-tears-4k,https://archivewatch.org/subs/too-later-for-tears-4k/en.vtt,ok,1212 cues
the.-collector.-1965,https://archivewatch.org/subs/the.-collector.-1965/en.vtt,ok,823 cues
the-child-1977,https://archivewatch.org/subs/the-child-1977/en.vtt,ok,459 cues
svtplay-KMd6Lng,https://archivewatch.org/subs/svtplay-KMd6Lng/en.vtt,ok,723 cues
do.-chor.-1972.-dvdrip.-1.4-gb.-by.-deejam,https://archivewatch.org/subs/do.-chor.-1972.-dvdrip.-1.4-gb.-by.-deejam/en.vtt,ok,1842 cues
OSB-56_Gypsy,https://archivewatch.org/subs/OSB-56_Gypsy/en.vtt,ok,299 cues
Jeice_Murdered_My_Family,https://archivewatch.org/subs/Jeice_Murdered_My_Family/en.vtt,ok,467 cues
Tales_Of_Tomorrow_-_The_Invader,https://archivewatch.org/subs/Tales_Of_Tomorrow_-_The_Invader/en.vtt,ok,289 cues
NASA_360_program_10_HD,https://archivewatch.org/subs/NASA_360_program_10_HD/en.vtt,ok,297 cues
Bonanza_-_Badge_Without_Honor,https://archivewatch.org/subs/Bonanza_-_Badge_Without_Honor/en.vtt,binary,UTF-16 / NUL-heavy
m.-1931,https://archivewatch.org/subs/m.-1931/en.vtt,ok,1118 cues
dragonwyck-1946,https://archivewatch.org/subs/dragonwyck-1946/en.vtt,ok,1343 cues
night-train-to-munich,https://archivewatch.org/subs/night-train-to-munich/en.vtt,ok,1285 cues
the-pornographers,https://archivewatch.org/subs/the-pornographers/en.vtt,ok,1533 cues
1949-the-accused-la-acusada-william-dieterle-vose,https://archivewatch.org/subs/1949-the-accused-la-acusada-william-dieterle-vose/en.vtt,ok,1769 cues
1947-dead-reckoning-maldita-mujer-john-cromwell-vose,https://archivewatch.org/subs/1947-dead-reckoning-maldita-mujer-john-cromwell-vose/en.vtt,ok,1151 cues
1953-dangerous-crossing-travesia-peligrosa-joseph-m.-newman-vose,https://archivewatch.org/subs/1953-dangerous-crossing-travesia-peligrosa-joseph-m.-newman-vose/en.vtt,ok,992 cues
the-thirteenth-hour-1947,https://archivewatch.org/subs/the-thirteenth-hour-1947/en.vtt,ok,756 cues
thedivorceofladyx1938laurenceoliviermerleoberon,https://archivewatch.org/subs/thedivorceofladyx1938laurenceoliviermerleoberon/en.vtt,ok,1094 cues
the-scar-1948,https://archivewatch.org/subs/the-scar-1948/en.vtt,ok,1178 cues
quicksand-1950-remastered-movie-720p-hd,https://archivewatch.org/subs/quicksand-1950-remastered-movie-720p-hd/en.vtt,ok,1321 cues
the-bravados-1958_202506,https://archivewatch.org/subs/the-bravados-1958_202506/en.vtt,ok,898 cues
1960-seven-thieves-siete-ladrones-henry-hathaway-ve-version-en-espanol,https://archivewatch.org/subs/1960-seven-thieves-siete-ladrones-henry-hathaway-ve-version-en-espanol/en.vtt,ok,1080 cues
time-limit-1957,https://archivewatch.org/subs/time-limit-1957/en.vtt,ok,1499 cues
beckysharp-4k,https://archivewatch.org/subs/beckysharp-4k/en.vtt,ok,1252 cues
jsc2017m000721_Looking_At_Vision_Loss,https://archivewatch.org/subs/jsc2017m000721_Looking_At_Vision_Loss/en.vtt,ok,27 cues
DaveGolf,https://archivewatch.org/subs/DaveGolf/en.vtt,ok,592 cues
Beverly_Hillbillies_Ep50__Christmas_At_The_Clampetts,https://archivewatch.org/subs/Beverly_Hillbillies_Ep50__Christmas_At_The_Clampetts/en.vtt,ok,238 cues
